"QALYs for t=0","Costs for t=0","QALYs for t=1","Costs for t=1"
-0.00131402295960676,12.5604923844179,-0.00143621504062888,18.1638934816967
-0.00137982172149496,11.3715003642495,-0.00101135777785746,16.0241815700434
-0.000778251977133761,7.61136118616433,-0.000456530506661769,13.0126238246623
-0.000978127381749367,7.42275997289741,-0.000583102114932155,13.0259266631762
-0.000530283314628713,4.31399207240128,-0.000590797671445392,9.97129507535712
-0.00115092657655339,11.8391452940679,-0.000704177091071632,14.9556941561412
-0.00067367921807584,3.86128738343756,-0.000726390171814014,8.75135331050125
-0.000793645222613015,8.6414776863008,-0.000700230488663668,13.5619071908171
-0.00036986933443287,5.49624205383736,-0.000524656808216311,10.9050682018188
-0.000895322863558379,18.2836362650082,-0.000911936408931347,21.3897147838906
-0.000715170097617911,8.78884935282655,-0.000826115761858148,13.8368818171534
-0.000831556390785118,7.55920699222072,-0.000816168642578426,14.0615714084523
-0.000717645985295287,11.2204533338022,-0.000361968144115644,14.0621976611303
-0.00194002578091258,7.3751112759249,-0.001538865921427,12.1217044592495
-0.000807937962155881,14.7296441785536,-0.000387367188086181,16.0250537886336
-0.00114018668230307,6.22205861946372,-0.00115000206347915,11.203385228007
-0.000882365390041379,7.26947068114912,-0.000591078627811504,14.3259222709488
-0.00116812110726054,8.63386318793685,-0.000795035913616451,10.9340709745426
-0.00113430557764675,18.1921946592237,-0.000808715237100071,19.0057998925603
-0.00140859681793576,5.07734931566148,-0.000984111932224384,12.7516775687415
-0.000452981607064007,6.95734073785877,-0.000400205357653677,13.5702937808439
-0.000484353336017224,6.52355434056385,-0.000466604743118016,12.3180488030531
-0.000777280100627512,5.13097651692257,-0.00067034785900375,11.6366517929775
-0.00114499403640148,5.89709833383238,-0.000839929445406888,11.1487774990134
-0.000611448429184862,10.8313219650077,-0.000505617457901509,14.566143059281
-0.000530074777565268,12.5576699602072,-0.00032033226259252,16.3730098357891
-0.000665078117649169,8.07126129359722,-0.000722267778509566,15.1058945019484
-0.000942276881034303,10.6951634302572,-0.0012413806273291,13.6922859809813
-0.000945904176440499,13.2623106217155,-0.000584229932684477,15.5785706340481
-0.00158964590883773,4.12765855876509,-0.00120810259986408,10.9333677534075
-0.000582335041163001,9.34962280401239,-0.000505389474609537,12.0796519431862
-0.000568524451479114,4.22303890111916,-0.000443524349559377,11.8887567130272
-0.00124526315740134,15.2320908193229,-0.000917571322495215,17.5112777034841
-0.00120752753374319,7.082699000069,-0.000560869595931325,12.1107088517309
-0.000716364767579178,13.3806282895524,-0.000659636836901897,15.6118424571163
-0.00108309922293741,11.0861035909222,-0.000897290579596611,14.8045363363974
-0.00108710927971137,10.2884609280655,-0.00101454901001782,14.6595056311525
-0.0010774428979294,6.08083856212832,-0.000956365435959736,10.8305474428937
-0.000931615026203938,12.5160376658286,-0.000898136130020723,16.2447970696492
-0.00179771124004618,7.27377946414692,-0.00108296495085873,16.7636789784102
-0.00213920677821092,10.7134360313722,-0.00205782540438536,14.5476968473325
-0.00064871053162969,7.25702919350111,-0.000500487922762554,14.5380063119604
-0.000958994780661657,4.1908043199727,-0.000532944013327922,10.0576801721362
-0.000697731487796935,5.09031617244572,-0.000393680418890008,8.22323294165935
-0.000980155524279047,8.53530735160575,-0.000924010481570602,13.2364339084017
-0.000992723611774885,10.059877690382,-0.000643596246079805,14.2429654538784
-0.000422009534504148,8.85431304590287,-0.000347171879128815,14.3012737346996
-0.00103688788891237,10.990949360602,-0.00075615372748406,16.7318358040355
-0.000979877476250864,11.6559327115837,-0.00101968866016163,18.2152686985196
-0.00106789690802367,9.20064616075022,-0.000840106888081307,12.8486351905495
-0.000836704092456113,3.88322151712871,-0.000637749741909309,15.124634961662
-0.00185509520677177,6.22199741386848,-0.00138903872594424,10.5668806473
-0.00120296059920988,8.93957863095799,-0.00127180245411737,11.3669964634712
-0.000768347758613428,3.8619667644086,-0.000684923268944619,7.14481768822299
-0.000869447516909672,6.91856696659745,-0.000485389137326687,13.3360714534997
-0.00113659918532869,9.23565445264194,-0.000755630656674126,13.3475942448632
-0.00163579232555986,9.59928936601327,-0.00124763999271172,15.7430813412764
-0.000596912293720222,7.21627155563125,-0.000526498443307546,11.9518912806192
-0.000294841534638316,3.18690441522265,-0.000279256183467645,7.5923529425504
-0.00122686497230262,9.93804940843339,-0.000666718367503119,21.0321931622536
-0.00085714912490067,14.3903103885745,-0.000606529431597747,17.2808023309301
-0.000874405646109103,8.85932431223546,-0.00116514635832296,12.0777842535223
-0.00122663867548558,12.4910858471591,-0.00108031019353313,14.6041536115393
-0.000815286115893091,5.2040949315506,-0.000397511211062553,12.3417928078443
-0.00122501040913265,5.793696446353,-0.0012481068093271,14.9893266251609
-0.00110067002138429,12.7036274898573,-0.000978402858703845,14.3958686285624
-0.000286975620084183,8.36307101916903,-0.000259125963363642,12.463431195314
-0.000799736598785172,7.29439376607266,-0.000736918522151477,12.6244244392512
-0.000891850580594662,8.7816981412605,-0.000799455550110115,17.8627873631848
-0.00106207739848955,5.65269287267648,-0.000851102843871522,10.4668557205713
-0.000622785620916095,6.12749559302615,-0.000611055398159517,10.9548947053518
-0.00123423143504811,11.2199462374942,-0.00129365415477445,15.8196637096058
-0.000670019987634494,4.81276835826549,-0.000516877390493624,8.94709615194449
-0.000942582622262284,17.7109700021501,-0.000675463368404855,20.5754799371738
-0.000626810743455932,11.9169708412139,-0.000389684290068744,16.3262739802692
-0.00107750949264529,21.1779070602779,-0.00101234411683842,20.7291009548062
-0.000936856718896305,1.91211013927476,-0.000738044194491806,12.7168146065013
-0.00107479487683951,6.37989460327246,-0.000529313973561348,9.17142460502331
-0.000850626311792136,19.3168242629705,-0.00113035144651837,22.782966458521
-0.00145200813089091,12.4406950977141,-0.00100804212731526,16.859626314884
-0.000451588854045883,4.17300869019606,-0.000510052270164255,10.7786999562284
-0.00168242566454396,13.1858567664301,-0.00135919596167357,16.5041903345035
-0.00146108775534998,8.27887774220697,-0.000668859623644099,16.8462702878682
-0.000680170514457342,7.46109267849357,-0.00095012327254233,13.5565601027787
-0.00131415801398138,6.17761587523702,-0.00113413395754247,10.3818761736077
-0.00112336969472349,7.19300390570346,-0.000676282114385038,14.6159135129088
-0.000917357760930261,20.5384418809966,-0.000611784146276974,23.4537330803721
-0.000707420610174378,5.72055636090368,-0.000630108744386494,15.4915305856108
-0.00144795701063177,10.486983248994,-0.000910676660383338,14.3068268531674
-0.000598530454821057,16.2828524025615,-0.000463879237118747,16.5351631313908
-0.00117664308326516,22.7628839310033,-0.000922924489217915,23.2568791357462
-0.00130750703180231,22.6291612211589,-0.000990255901662313,21.6194049255222
-0.000746190675659064,4.87403568151065,-0.0005825058906739,13.1118530796276
-0.00157504488180581,9.60399873856589,-0.000833230265631753,13.1756085558464
-0.000405031621986941,10.4978045585336,-0.000376406188291671,19.9631283331433
-0.000936002748351904,4.88325120673713,-0.0005223194119008,12.2627084823682
-0.00227314205744441,16.6161934485265,-0.00155727182871112,22.6234810656158
-0.00108821657462833,10.2768688203064,-0.000437117274961834,15.7339278653415
-0.000931989606703758,5.33299981835244,-0.00103131548260048,9.43558722838999
-0.000373052903252069,2.54400912214489,-0.000313459607623547,9.53538096501108
-0.00121390456401027,5.91081226464076,-0.000781200411471573,11.6124613100382
-0.000746609324466875,5.02442843266566,-0.000652314697683589,13.9320188622252
-0.000400205850031957,2.29989100870541,-0.000386590003441381,10.1727338488887
-0.000647945732434438,16.0582648427476,-0.000482526415496803,17.8784001870591
-0.000553387899798204,15.5873712879455,-0.000369760210631534,17.6426843809391
-0.00111413800200601,4.49990715901129,-0.000936205324962685,11.8013025280244
-0.000740561388399479,8.16744143003245,-0.00081033234902697,12.497548522497
-0.00156761576059935,9.60122348273021,-0.00124955514571528,11.9282785169171
-0.00119412025416659,13.5734239304557,-0.0012523044437344,15.507694789912
-0.00104269716284185,4.70825498694318,-0.000606098801823718,11.2858357653266
-0.00180663815093968,10.9055388592641,-0.00143754453801549,14.0560196173104
-0.00081759020850798,9.46350701655626,-0.000853959896893585,14.7342347329835
-0.000758062668895806,11.0840273496183,-0.000789323940849423,14.0652871014774
-0.000920597268936001,7.66356015707375,-0.000783962299941306,14.4383323406212
-0.000823198579459406,9.63220281249482,-0.00107281179269579,13.9442160818376
-0.00186223197535118,16.4349686594238,-0.000869808869668875,18.7931025946456
-0.000846738510841323,5.39207353838545,-0.000425701717751999,13.7282050400087
-0.000614514473118723,8.81775595167298,-0.000556418793799767,11.3599663497255
-0.00168409622688042,5.7901272112894,-0.00129234050520687,13.0460537014926
-0.000512458740042727,8.04698514336738,-0.000371586015893353,16.5125954224056
-0.000505328002453836,8.05554772824405,-0.000525046665598882,12.2046953701227
-0.00188817966438099,8.01513785509897,-0.00161814645975836,13.1521311090058
-0.000710502683166842,8.38954351260331,-0.000878605673178838,14.5033584191976
-0.00134337543546257,11.935150753069,-0.000565389688964794,19.7206445676832
-0.000482645861555584,7.56710504841349,-0.000389766200605132,18.4151951220291
-0.000718756493227771,7.87760242626476,-0.00101026568455416,11.6479841140616
-0.000878416249859378,6.59253693908516,-0.000696057799271736,10.4045164352037
-0.000904277101770029,8.10712937963869,-0.000751549669284203,12.1547379488248
-0.000474261210252119,4.60376756305855,-0.000402737453628039,15.5840725422826
-0.00107722827408149,6.67153073606558,-0.00110194176433158,12.0585497408317
-0.0013139355897506,10.4048207828144,-0.0012507750706557,15.1710039230646
-0.00145485840764455,6.74647309117166,-0.000979299903455659,12.037932048554
-0.00103506189302046,8.95418697037426,-0.00103789719933539,13.0492437576891
-0.000696592259613849,6.81527544222636,-0.000697044789713316,12.6929526696348
-0.000723453850355785,3.5793010983059,-0.000764044576624183,8.86258061069105
-0.00146018393383924,13.3699145040878,-0.000862914767453468,16.8185193828367
-0.00105203867725041,3.09939759125593,-0.000838570276368813,13.1254409960851
-0.00093093513022329,8.08979677849836,-0.000679365918736691,12.2895098961607
-0.000846744002191762,9.38017976596439,-0.000817528411953321,11.8570207083216
-0.000928963062262614,11.0824554416595,-0.000792411327019987,15.3360926035011
-0.000728828638351034,10.6006563957126,-0.000355321414213949,16.2873933818217
-0.000689521266278555,7.28083067237439,-0.000538675771393337,14.0097035851157
-0.00118886385210064,11.3622626064119,-0.00080819281448259,19.3701296792636
-0.000504272090145431,8.5513859671951,-0.000429481208297729,13.4759307673035
-0.000586331497267413,9.28456222754193,-0.000373759401879615,16.7001446974124
-0.00128370964999846,15.8145250303834,-0.00100220566950017,17.9733461934816
-0.00108734360910951,10.7460775023917,-0.000740923759171933,16.7450314673841
-0.000564280673107092,9.83472981164578,-0.000442390458434286,14.7410431432597
-0.000643403050916555,4.96746870209068,-0.00102374820346365,12.1764704256123
-0.000698973777994571,12.3319186377412,-0.000578488043053852,16.1140243482003
-0.000880921446997831,12.8894965503323,-0.000638153948089436,16.8337755241777
-0.000585320676352597,4.93214967257524,-0.000510572113968073,7.92772208392537
-0.000668710265350057,15.1443543535336,-0.000730824455449753,17.1728574415077
-0.00174663881442309,9.27155304668803,-0.00127841883804051,15.7613509355434
-0.000798944179465191,8.75283508068954,-0.000835736018074767,13.7261458404607
-0.000948622139322948,19.9082622965617,-0.000759259019948324,24.192897015364
-0.00190053531229314,32.0962274368201,-0.00123950952404471,30.1546798993631
-0.000556020755458724,9.00144419719055,-0.000401134499520877,15.7961151186774
-0.000564074753721122,11.9522959908135,-0.0005797248556827,14.1787028636053
-0.00163479034975033,15.6029045394888,-0.00103017966914086,16.9198101318495
-0.00122772723048164,9.25366957359127,-0.000938494112471447,14.7378646986187
-0.000836720769465342,5.14637188869558,-0.00107559024362917,7.71743833231883
-0.00155558257579405,5.32163790360599,-0.000810590242574537,11.4560615102961
-0.00207330887450355,7.66919951684496,-0.00112072501897424,16.0885236393409
-0.0015747745046138,8.5261486757662,-0.000848695824972112,13.8134440707143
-0.00133258639940305,12.6728046226833,-0.00130922256263786,16.9644999134999
-0.00145744498092646,6.13553269054304,-0.000886811692435517,11.4207245983787
-0.00143707931285722,6.89398025037419,-0.00066099046378912,14.4306972196584
-0.00120880251827725,18.1409292179514,-0.000652655738395643,20.96351430899
-0.00154224577127346,7.87623507104504,-0.000934561797893265,13.7150113760968
-0.000547122533711948,4.81474970440884,-0.000388920289399746,12.4762960332931
-0.000876065199648063,5.90527196948573,-0.00066152677814676,9.74947157893966
-0.000830879932246104,8.84822005079053,-0.000667217850601778,13.0123892651208
-0.00193907270633826,15.7183922860351,-0.00169830301756643,17.3449828559605
-0.00174574857197693,10.3856577467222,-0.000837792342117105,17.5549349338975
-0.000868536211388675,7.85515583577323,-0.000769439183798858,13.9108689312959
-0.00112449441187037,7.17851926877356,-0.000801175848399316,13.3707212263467
-0.000571804478787188,6.85708034152315,-0.000430605735549707,15.4178867067314
-0.000805036763311855,10.4449574059812,-0.000698853417063055,17.0332300546875
-0.00084866185582136,8.93556053449928,-0.000894822276704135,12.6377098265488
-0.000770234737609672,10.3502961293449,-0.000596671519653868,18.8672296153394
-0.00109092042057828,6.39230537221043,-0.000641777022423174,11.7831153785736
-0.00200645717945417,5.47784935924459,-0.00145664999974177,13.8002898522223
-0.000702553449523886,7.58201546305647,-0.000564509933208207,17.6669034796175
-0.000944083535738114,6.44675232544115,-0.000896051015402526,11.2710938017233
-0.00129711989600343,20.3187288918328,-0.00141403286876815,21.9346632302098
-0.000366784235032822,4.92013502151352,-0.000262362461667147,11.8672207341878
-0.00078029294635627,9.06047300306333,-0.00064310723208755,12.0818414193903
-0.000451061739216682,5.91176512676081,-0.00045711847675405,9.99883270562201
-0.000931001367549381,3.85755732815214,-0.000581110807480578,9.88059514159543
-0.000590163607222061,6.85998852423155,-0.000547619712333144,10.7327833756327
-0.00135631185501898,13.0356702161486,-0.000591517112322125,18.688003722439
-0.0012951877188925,12.8809571073241,-0.00086343895839492,17.1946177141663
-0.000505681804061783,2.99475645019975,-0.000732338084506233,12.2983017763984
-0.000764810273157796,4.52918594569815,-0.00052024246749399,9.38995091423627
-0.000809505632604089,10.3284254051726,-0.000689455821775737,14.8931552285581
-0.000745131815424207,5.8240906225538,-0.000818680845470499,10.6228121495668
-0.000636892987182364,8.1774962956053,-0.000420830623178301,16.9765488836763
-0.0008890145023758,10.3530745855242,-0.00109324103917332,19.0311478268428
-0.000937628021937287,9.59035924277144,-0.00100161631101704,13.6723759371393
-0.000731939159119895,6.61616310163801,-0.000471140241487331,13.42611600119
-0.00146422050782972,14.5344876363579,-0.000894080780861681,18.6654779437546
-0.000931325607469142,16.7394142887042,-0.000616652464738209,21.0696461365595
-0.00127894985572312,5.48986398486455,-0.000769303585023846,11.9525327844559
-0.000970899281895976,13.4767135489982,-0.000753645436240659,17.6852216067333
-0.000681298648850563,19.3868213842729,-0.000450468995855649,22.1829342009748
-0.000410600645101592,9.34120189659145,-0.000414723303624248,12.7386001684466
-0.00100419279004458,2.93853108575033,-0.000806036354248014,7.84436321868915
-0.00126660136277261,17.9451355103567,-0.00149497834852106,20.4661008441903
-0.0010440673302957,18.7451502515351,-0.000809615218097977,20.5893949067299
-0.00127546377280154,5.73334980714584,-0.000724476113685686,14.1540007251887
-0.00074425014427408,8.38073534244701,-0.000463842051065164,12.3858604712181
-0.00121656015330396,7.03631689476688,-0.00109964406426946,10.5143781401301
-0.00232492618145104,14.3783259774272,-0.00150325519944566,19.3443373615941
-0.00080595299305231,10.7220903907224,-0.00083929584609522,14.1797933725436
-0.00101845058959975,10.6513411150657,-0.000580232667885683,15.5096277015886
-0.000910543596589265,6.55050690119061,-0.000584312745247737,12.1703146021287
-0.00219984659214084,9.12335228514811,-0.00143039579999932,12.172459164892
-0.0019759612939908,11.3250989927363,-0.00179496156333567,14.9361725120419
-0.000895102728382837,5.28269101912055,-0.000656116154825138,12.5783167946674
-0.0014969954101831,8.33870506304348,-0.00113474436120674,14.6373342096925
-0.00099447341926598,5.52523474445687,-0.000356372069867357,15.6612208460351
-0.0013695170354518,19.3309127945517,-0.00141010354250188,20.3353013353898
-0.000755599831093969,3.53676031445899,-0.000745628426897723,9.56731468713649
-0.00115865577143466,7.82514183690241,-0.000841797553658211,14.5581519148734
-0.00133064421147031,7.87560538409984,-0.000830956284326071,9.83118808161788
-0.000726060467791468,8.40884511419202,-0.000346933987354163,15.2672153892304
-0.00171743136488929,12.9989071789206,-0.00111783893581877,16.7235744211417
-0.000543333921071969,14.5267773162893,-0.000297101126547421,21.1057210319991
-0.00073570724815,5.11143428144995,-0.000588194820339333,13.5445023382133
-0.000865880576031278,10.4328267466547,-0.000773466065992116,15.0349258118361
-0.00109713106361862,6.3236548302129,-0.000548930347224754,11.0395490974598
-0.000531078142435173,3.51695962557461,-0.000413204887148661,8.61822065459162
-0.000981712398774476,5.06249654427752,-0.000590929579153965,14.4158671510361
-0.00109493263831952,9.63739449321346,-0.000675313762375415,14.8190749194402
-0.00123601511622614,17.3899514478413,-0.000727623997230115,23.55591599024
-0.00157556402956707,13.467072523227,-0.00120673681190841,17.9499157667212
-0.000907415964447724,15.1451772772664,-0.00064549010503017,23.342148983131
-0.00103283881536155,15.2025676303995,-0.000684766392692479,16.1095652940712
-0.000774082442814672,15.8252083484254,-0.000719657915397575,19.9340512377265
-0.00227851005771628,36.6411852980542,-0.00185374785415545,32.4598644394488
-0.000999391380024903,7.7955911797289,-0.000674021555998729,14.2096952076633
-0.000978067557702373,7.60907197094916,-0.000969965285074668,10.9930476221503
-0.00145980634982975,20.9226630170484,-0.00117994840304373,21.6065245462699
-0.000955472209529203,10.1357727570605,-0.000889096528685718,14.2663760868583
-0.00140251080601086,8.19863873776938,-0.000615111640236907,17.350413592723
-0.00172612624662708,21.7586100167988,-0.00149226345145444,26.2571243772336
-0.00204906505919286,14.3157050701616,-0.00101535351941164,17.9190299290857
-0.0010998419439719,6.92274421863946,-0.000658499214666284,11.1730630176367
-0.00104576596445476,5.67513739694106,-0.00101034872855853,9.52535101254829
-0.00113581223881605,14.7493830777763,-0.000711395328382144,19.3802804437916
-0.00083601484102752,4.57517397398019,-0.000555793215885707,9.32181212340562
-0.000849605163311549,7.81224577207944,-0.000631875499301151,12.1146340983305
-0.00126959360459477,5.87958280842928,-0.000614632150738979,13.0502408931834
-0.000763442628115371,7.1510570875246,-0.000691340983342465,14.6614660997494
-0.000661227440916006,8.0016862296986,-0.000563522074599018,12.4295388594267
-0.0009344919122892,4.66557558670641,-0.000941854453651714,8.33913096370208
-0.000678963719350449,9.28398360420062,-0.000453792899760707,16.6470915055471
-0.00159327711243212,8.91882986320009,-0.00120152038961797,18.5748594987931
-0.00157785240523106,4.33858040481151,-0.000954438710443812,12.4964368457826
-0.00120356588279651,9.27692640621634,-0.000751481074180126,14.3865782012961
-0.00134829443606488,22.2596209823714,-0.00130501370704347,22.9071001918937
-0.00112848826690486,10.2166858375119,-0.000703486081797361,13.4117167876297
-0.000968121771860056,4.29215196298783,-0.000377245215181667,16.4005947611066
-0.00161810193933357,10.2520114417136,-0.00111978628632396,14.2188004357006
-0.000759533534006289,3.58688071519722,-0.000911012307084767,8.1576196280468
-0.00120916579698694,13.727193988802,-0.000806433895001388,14.3357540397955
-0.000846999080300322,14.1553259375873,-0.000871117351878812,19.1146911130852
-0.000526811541555373,3.87433364946398,-0.000396730766055458,9.67179123986714
-0.0006650570976603,6.84298148191525,-0.000556082792484114,12.52789670567
-0.00101913220146001,13.4539539675801,-0.000405962919343539,16.0423160579388
-0.000566207366333893,12.4907154680593,-0.000602738091065102,16.6712381342784
-0.00039216095901537,4.82128895200986,-0.000485565395912489,11.4257299175476
-0.000706272504328873,16.0559359099129,-0.000792110547964734,21.4654921955947
-0.00153878612245838,5.04943551288227,-0.00151178521477584,11.4682356489291
-0.00134187309143522,14.2780252936161,-0.001410861250452,18.1931118016709
-0.0015081699515247,10.5807101633571,-0.000917650290610141,13.0723812977992
-0.000829230473835738,9.10833353247423,-0.00116254541667939,11.4864272093064
-0.000722496304705188,12.1807965976398,-0.000463055071483302,17.5319671336731
-0.000743317758410383,8.30652874585698,-0.000433333854187966,15.8158253798745
-0.0019028039999619,18.7814398171007,-0.00140189198561103,23.5447906416277
-0.00101799443763089,11.832512933001,-0.000684739935252915,14.745628578373
-0.00105349306912136,12.1739621490472,-0.00103238237885654,18.7732694393711
-0.000836626996396973,5.36122309342273,-0.000587009352369601,13.8301488340598
-0.000894043248430344,10.9121687171559,-0.000495130467851558,15.8361815977921
-0.00125343036002219,4.98210741180397,-0.00106494855820254,10.5445515787703
-0.00142654693389732,10.047799224914,-0.00103948070669996,13.3233991593425
-0.00241153541167768,8.71746766313462,-0.00158176194058862,14.0794426595544
-0.000859072502629941,5.58602175767578,-0.000583761388206602,10.2043022478145
-0.001505112806054,18.2025048939412,-0.000994916473566625,19.486173319333
-0.00186667864574199,5.98157716317659,-0.00148707360668643,10.182163885218
-0.00152612924587682,19.8959642782654,-0.000931475181195572,22.0906920616082
-0.000427728294780272,9.43967180848307,-0.000480328455197493,20.3383817228091
-0.000892736352997551,11.4103303399152,-0.00064230944534627,15.2445274509469
-0.000901246019458338,10.480347854685,-0.000597966255215424,15.562967005448
-0.00118339702628703,6.30933498454522,-0.000715104358675628,12.1937857576207
-0.000863141238766981,8.91889274553925,-0.000630469163126269,13.6723408751315
-0.000714599808564259,9.53897474964746,-0.000426508459525695,15.7809838128329
-0.000979004480205352,8.45729561693756,-0.000692508375197757,17.0985605634814
-0.00119508212245941,26.1797525749089,-0.0010604791763509,25.5309928508685
-0.00136352267682547,16.8884549867183,-0.000898067275077225,19.6942579271913
-0.000588020694165978,8.26121534092417,-0.000582456297537886,13.7571498693484
-0.0024875644259051,12.6243908743375,-0.00126485875337496,16.172778331673
-0.000637324107161104,3.17859612156921,-0.000376135295753702,8.02497484305192
-0.000637439741030526,6.83073559411828,-0.000537820726108443,13.8331438631857
-0.000800764474200169,8.42945345757244,-0.000464106635035462,18.5514158724424
-0.00186233691725764,7.23707023870567,-0.000851198396430798,14.654564744967
-0.000825223324682641,10.2959811148167,-0.00055654320225345,15.4417716667007
-0.000916778344070256,4.10538090574502,-0.000660362674856788,10.9898742672392
-0.00154703007563153,8.02632383517557,-0.00108791172583094,12.3088019825135
-0.000461833205795145,26.8863349225456,-0.000386728748191316,25.0211800939453
-0.000995461337673772,5.23249590878829,-0.000660120464587708,9.48189583898022
-0.00135498037226498,14.1300840965188,-0.00089310429801844,18.3892066079301
-0.000598220869615504,11.234797716837,-0.000345477950161968,17.808174994187
-0.00120372109510713,13.6738776921249,-0.000869133171508698,19.4415723330902
-0.00218565907194222,6.70109099618443,-0.00143412621633181,11.5922285083559
-0.000708564705508731,5.82935230217288,-0.000947933676876017,14.3807505658164
-0.00100655510332235,10.9916500752161,-0.0010913470101586,16.3874268781848
-0.00102022058723157,10.6084726114278,-0.00072832436408301,16.9496463876551
-0.00210077679723722,9.56131287978143,-0.000704240205760667,15.9185056871367
-0.000547463865600092,9.60440310658662,-0.000292484676346927,14.2091003801513
-0.00192534267137743,12.4643411905322,-0.00109342757239876,15.667638683284
-0.000761173573486367,8.2801101427488,-0.000440289788723893,12.9947285541763
-0.000506875177684898,5.08187198426897,-0.000641547097154511,8.27135775234565
-0.000819155307034887,13.3258232598045,-0.000427845719113948,14.1322128959954
-0.000523236237001397,7.50834699286758,-0.00037467377803971,12.3052339976997
-0.000707074945427954,9.89336270051913,-0.000515475543070851,16.8365197935297
-0.00110841364637924,9.23687970960361,-0.000791715991754561,13.5963801713047
-0.000723102662912155,8.26384537516212,-0.000401585753157561,12.9936675939416
-0.000455337476463853,24.6780103010199,-0.000659881163739046,22.4823486724088
-0.00132248244239484,15.3259720062519,-0.00125519685263641,19.4482784992093
-0.000785199429841084,9.0442858874033,-0.000775378285907073,14.3786075031847
-0.00113513603892163,6.22554708969444,-0.000592454631459592,11.1213541587338
-0.000755569427723417,16.7243729191258,-0.000534576092112755,20.7728879464926
-0.00154772102557232,8.91555685931128,-0.000772537984797284,14.8552849878182
-0.00135648364517616,16.3007996057481,-0.00112292596003794,20.8917207002026
-0.000940140182437442,7.74271778967305,-0.000818477154919619,14.8553890960102
-0.000873866532788636,6.12141708172085,-0.000626718019007414,9.03456774731093
-0.000868822953277909,20.5083065768799,-0.000658494801076346,25.6844160403888
-0.00106417477161689,3.7270671862412,-0.000537645629681356,9.17785886089247
-0.00162078140144507,18.9759966816829,-0.00126194458208127,20.0481020133072
-0.000863606669092328,3.6455622356556,-0.000568098712837024,8.76582486808273
-0.000617321125799373,6.64877331927463,-0.000510656706750845,13.6241071603084
-0.000418084546005518,8.33343048034078,-0.000541619885670342,15.3193041237751
-0.00285557882896743,21.359897096141,-0.00232766240260595,25.7754931944139
-0.0014651358038866,9.48814327899388,-0.00058320431273863,14.2810202003943
-0.000959058536407249,4.59786051487292,-0.00043235884072215,10.7832711374755
-0.000692432193588005,9.02142824781479,-0.000715218040196295,13.3397744718876
-0.000990036864560383,3.57541458769537,-0.000280260899193052,11.5206301680232
-0.00168394149905448,10.5751292954456,-0.000912408240786438,17.5685945532221
-0.00123076839617059,11.9465751862809,-0.000878158383566271,17.1170125352755
-0.000632830605415945,12.442661300164,-0.000541101458960181,17.2574674898577
-0.000968789197667009,5.88606189251431,-0.000670265516729619,12.1322412200521
-0.000882939508787558,9.18360764113881,-0.00104556065310707,14.1511161055797
-0.00118946110557292,10.6541290995777,-0.000843754421318758,14.2865397147261
-0.000826376848246176,14.12754092768,-0.000480254004492647,17.648063650666
-0.000549771333549046,4.05860552948069,-0.000691398251904713,11.3276730179291
-0.000919238400105675,7.63928270412631,-0.000686336240026307,12.4848553245247
-0.000983323800760798,7.88223738542272,-0.000671370591465016,13.85285708326
-0.00105626790984181,4.98216981551694,-0.00107022014741932,10.7192628861993
-0.00191211158784274,9.24139448622402,-0.00153686814346801,15.1240563866739
-0.00173087808864307,8.13193660393751,-0.00106761379530958,13.0421181927225
-0.00127881011067356,16.5622434515922,-0.000937655156471649,18.0895506887632
-0.0018428268009832,32.6401852619835,-0.00175436167489939,30.8186851677469
-0.000828894119537412,7.68433133749544,-0.000679256737811104,13.4560431891166
-0.000837016021235586,2.97927960557363,-0.000788070412151493,8.84074712621978
-0.00207802183142728,7.32969949564191,-0.00144876880224357,13.2735058169297
-0.000728987192352749,5.24382024016991,-0.000754031800919369,12.4383639338983
-0.00157579500985087,13.5996715659756,-0.000962803042290191,17.754413071735
-0.0010213321248689,10.2340060146801,-0.000484985776701287,15.7277798333921
-0.000822929272008147,11.9881268427712,-0.000935023193362841,19.7647674602848
-0.000725113592789189,8.01818028158974,-0.000620544969060643,17.127203688239
-0.00136611038541219,9.79150365478833,-0.00107339874580046,16.1213332088935
-0.000742217514656859,6.32092154751856,-0.000626963454391849,14.034044593625
-0.000993776777150932,5.85424864541277,-0.000789332127962129,11.7498607410461
-0.00175230778302004,14.8546873762456,-0.00119825477209348,18.6739408269338
-0.00102908716842592,8.50834830099716,-0.000572735199491594,15.8179813202894
-0.000731657042889249,14.3182452855328,-0.000551209032645931,16.8915198256232
-0.00080605861509195,14.1819280977244,-0.000929152021037614,19.8928575054026
-0.000990221286599548,8.88189039464904,-0.000608192012580681,18.381351998065
-0.00185405756182779,23.6045119682561,-0.00159312770764803,25.11220757028
-0.00132065813110021,4.48891316348432,-0.00095013989851871,10.6869106337232
-0.000918973167273386,2.72809872191238,-0.000481601205072424,10.7668999865535
-0.000776166194917588,9.47984417363623,-0.000487466501380151,15.8835940948135
-0.000974745185029052,8.79868152701844,-0.000763392575433338,13.115731868005
-0.00126645570060961,6.77011542526465,-0.000757134269557567,11.3226275264789
-0.00128551252748342,9.82568526454765,-0.000521076498813023,14.9083454175949
-0.000476910201261909,4.68443411453593,-0.000385379160265268,11.7349851044719
-0.00158086725797731,12.062340614239,-0.00126601109208745,18.1439994890052
-0.00129416181385189,15.3547011097747,-0.000718866410652029,19.6958485103579
-0.000807736750466779,15.9712933566095,-0.000582917063150529,19.2600049145867
-0.0015458412881681,12.5620261142897,-0.00114684753621691,15.8854921979712
-0.000493192707534732,9.85549230591606,-0.000340377361982318,15.4883248742483
-0.000744220469491213,5.5068450937309,-0.000708470534078009,13.929562419083
-0.000509116812672199,8.09791010793156,-0.000628189370249717,12.4502485381765
-0.00107938287153934,7.16850343963933,-0.000837315355002015,11.6230450003399
-0.000843479797628451,4.0398752639915,-0.000721135835441399,8.76821400753901
-0.00032047354776471,3.11333616079473,-0.000243374031427057,10.9501915313019
-0.00130912887217729,9.69665092983803,-0.00110221125176844,15.0004375149334
-0.00128746162515708,13.2458597154916,-0.00111283861280125,16.707253332472
-0.000798787790065078,7.11971282557144,-0.000571254878924179,20.1746328527957
-0.000912581337737754,3.99318452499403,-0.000685515844999522,9.9052654068485
-0.000972415368739352,12.1436894615304,-0.000666405936579069,18.1633995881321
-0.000995753674547424,13.7738357847317,-0.000600974828752192,14.5510729675377
-0.00102007138201015,12.6242184295181,-0.000591600805313993,19.9474671048597
-0.00330349073423721,9.55770864400499,-0.00156304888996922,16.2806616336386
-0.00121024705109077,4.51521962505718,-0.000865201670109075,9.31794904392367
-0.0023483188660361,8.22778600017981,-0.0018066002864949,12.468732513256
-0.000872929371410846,8.13467456478562,-0.00103342497290503,10.5507662601915
-0.000851615773341254,10.3571774125055,-0.000947935725063535,13.2667699983284
-0.00157985460261665,11.461533300614,-0.000890126486364721,16.7230617636989
-0.000798345033811517,8.68290021918948,-0.000514579835073928,11.5542382509778
-0.000967846701539395,8.22569737575007,-0.000719868940131932,11.6190152582215
-0.00224269988941487,6.11431201099042,-0.00158136285733256,10.0083823545503
-0.00153752307362732,9.40385706194104,-0.000837777017311926,13.8172630066543
-0.000659242741405718,6.06570319824313,-0.000699537634184556,8.81420486954028
-0.0013754555460124,7.23863423508221,-0.0016739143770143,14.1854995874014
-0.00046924629795724,14.542385446101,-0.000461862794386737,19.0576283075189
-0.000394502312924759,6.28730839303335,-0.000369658293837366,10.3900659475946
-0.0012322932526346,8.8362615257699,-0.00118832819141444,13.9764173310115
-0.00030732158165319,5.84300789031323,-0.000287733403543947,14.0093938751503
-0.00149071032821618,4.80149785016076,-0.00116266223935408,8.30947685324895
-0.00130704772833862,8.05202849687811,-0.000633503905100176,13.6815414710988
-0.000800592107217099,16.9026443140557,-0.00113370504316294,17.6820929953634
-0.00101910759415538,6.56157737854436,-0.000827899332233671,14.4031266395909
-0.000440861661625595,6.9886875308408,-0.000299772173680427,12.3120964076054
-0.00190359458333877,18.1526677285947,-0.00128898991988045,20.260594441457
-0.000861053834060431,6.6713525897678,-0.000723421915931294,15.3143991807795
-0.00116835801760764,9.06972206504853,-0.00122614820059825,12.83448849421
-0.000457869526221631,8.30852196106624,-0.000395541193499439,11.0262468924766
-0.00103523855439723,11.2314717537484,-0.000846155330004823,14.5596383361016
-0.00123014682145334,13.1896060041943,-0.00105069811085725,19.2128302508865
-0.0015743751002569,10.8516454660397,-0.00133472248791542,17.7254080191169
-0.000884029567573868,7.92904729064467,-0.000746223032024423,12.1727932294751
-0.00100333234748971,8.91063170841938,-0.000976007241747776,13.4135025805741
-0.000563733703556476,7.77659606078042,-0.00046437943755649,14.6126640994831
-0.000645802341172337,4.61743300109809,-0.000598648176891227,17.9112341197278
-0.00128523797131238,6.61686783435037,-0.000803571929177782,15.254534777943
-0.000669262416802275,11.6599628192445,-0.000798002575164317,15.0283143456794
-0.000557217675111851,10.0641406207875,-0.000457400567803797,13.1241336422536
-0.00177957213591602,10.3046792608546,-0.00144794776651983,13.3087020157997
-0.000801989799941521,21.6324617425784,-0.000512930873127903,21.9030440099397
-0.000873094655498826,7.64271607691859,-0.0006577397929016,12.6368964579332
-0.000748905414163439,8.07399610308081,-0.000378691149340836,11.4218991820047
-0.000649624122583762,5.29719737370357,-0.000816297577851993,13.6518040632532
-0.00102772597231369,6.85031986749803,-0.000688748964078385,11.9760066901362
-0.00119238404450575,9.14349282493313,-0.00109806601751074,13.7614267433642
-0.000635121903476264,11.0551305921248,-0.000420016357832128,16.024041600043
-0.00114853235937296,5.61709985375702,-0.000792943569886476,15.1715415617478
-0.000890059051151681,7.0442515095497,-0.00047675840890516,12.920064098318
-0.000541807154628031,3.97428269989728,-0.00037908113987485,11.9195567266124
-0.000844859642956509,5.63932565224252,-0.000740836016855536,12.5167598130202
-0.00122422871984857,6.25375536544537,-0.000758592909194081,11.6040262176439
-0.000518461945206641,8.61925483209498,-0.000249595163069652,14.3965984168314
-0.000805826374631006,12.0816728922078,-0.000921126679030791,14.7861357693566
-0.000493736187621631,5.46387857680419,-0.000270556343519928,11.2089833622383
-0.00071430633650525,10.839627053669,-0.000550460010146875,15.8135181495891
-0.00107676208962589,6.99204947858604,-0.00100748327915141,11.6892316782638
-0.00126784146035332,5.2665591532656,-0.000960106672123284,10.5090368624185
-0.0008106167280788,13.2456464291958,-0.000558762784466292,15.6018872135044
-0.000321064183608721,4.58393739848241,-0.000470964537608234,10.1540098363845
-0.00116907161011878,14.4556503603136,-0.000567180523337502,19.7595452580002
-0.000938665440780408,5.66701872793373,-0.000695324571666096,9.3789204305071
-0.000470943064918272,5.48825175338047,-0.000205072576960283,10.5742158976452
-0.000972527253364662,19.8885918357929,-0.000889338800348323,23.3072190646069
-0.000380134407181613,8.30062043654883,-0.000353818111216419,15.3455349276582
-0.00115410229929762,6.72566766994334,-0.00125793964972484,12.8171691018377
-0.000788999677862796,7.58779651047296,-0.000581460769751291,14.6806423093859
-0.0019713312447299,6.43145396287394,-0.00148083008524622,11.8311981290792
-0.00122109275718196,7.76025193103861,-0.00112269670493439,12.2936645840433
-0.00132278918092946,12.7130408382746,-0.000989553268900699,18.1481708078954
-0.000970216707048715,9.80503516311153,-0.000771089057374012,15.8911196137248
-0.000599008912309892,4.88148840909968,-0.000345600013574983,11.0895428639429
-0.00123564729154821,15.0672392574045,-0.000512114106607737,18.3070301098203
-0.000646097598991299,9.81227574215393,-0.000561788619554885,13.1159460153771
-0.001164300363429,5.28826699475069,-0.0006742559739725,13.191151194244
-0.00222932951712015,13.7710697425919,-0.00120878070229294,18.1278577467756
-0.000570830500872768,6.09576658023747,-0.000539450009793281,11.8998252400903
-0.00127844268373368,7.56865952357736,-0.000790797963437622,13.4571951857403
-0.000403582564063872,7.10097078889422,-0.000433253708742785,13.1073074835667
-0.000326057509648697,2.49237301702559,-0.000322796246696144,5.99228525287191
-0.000713174129649976,8.42016907840555,-0.000806887903158837,16.5207163662615
-0.0013100180880305,4.52193078665666,-0.000920365357264685,11.6497973841165
-0.00139219276757151,9.45637277541228,-0.000760321343682048,16.6340501916295
-0.000652047786160595,7.73059986046589,-0.000963585495220335,15.0621403151625
-0.000813250208693997,8.56052023655113,-0.000564915884368209,14.6888562361992
-0.000667691630876385,4.18372682653791,-0.00044071913175413,11.8583301771771
-0.00167448379259896,4.66925321708875,-0.000856970478651013,14.74843731532
-0.000798559533437992,5.75786764741532,-0.000693748598524468,9.80398728595866
-0.000880687867318331,15.1231387193324,-0.000899353569783031,18.2465489683676
-0.000882869027158404,7.51073881297665,-0.000496328714186411,14.7204106856212
-0.000618506200236267,5.63054434642157,-0.000309544188596833,14.5358250167196
-0.000809069878726845,12.5881541805478,-0.000401799666811571,15.4706409161307
-0.000646476034079723,9.03303615749605,-0.000603391953922811,16.2408409569518
-0.00183796047455542,7.57604633350071,-0.00157647299896066,11.7071922661377
-0.000580073057171323,12.7526256989209,-0.000864405790113473,13.8451261192158
-0.00152889425577197,15.0939210220194,-0.000854778200702523,19.4905312107666
-0.00106336083619221,14.9667330340784,-0.000682552072722393,16.5556277719198
-0.000886340149933271,23.6916380633126,-0.000606989553743527,23.941750690336
-0.000473895661109458,7.42220240639768,-0.000663729037943088,14.2784532429353
-0.00129054599407439,21.3017131750897,-0.000835996690626404,21.4463628804468
-0.000744715188127932,5.37270804418479,-0.00058246229567124,11.6992204946545
-0.000344308585407508,9.89844362384454,-0.000676404254258798,13.7007016250153
-0.00153623915942711,10.9039412395996,-0.00100512000426334,13.3039355482846
-0.000661987963849248,13.3099212210495,-0.000841813852233169,23.8838371707289
-0.000683577969017958,3.99388598547659,-0.000483860973800014,11.026132615439
-0.00122796390530205,30.5433960945625,-0.00100032384184674,29.9859984664706
-0.0017704010092367,16.2686828223676,-0.00115991089147344,20.6855164682059
-0.00158329645127633,7.90263157860633,-0.00121561369026516,11.0231425593418
-0.00084267773424183,5.51242586534837,-0.000729985295741941,15.4763918503122
-0.00100644210231114,12.8793919928927,-0.000964266288918415,17.4445056049679
-0.000757677376661365,5.76269221291957,-0.000558310626339617,15.1524836313957
-0.00145060448030248,10.279526459802,-0.00114396722532088,13.1917846515781
-0.00103442178036279,5.85964746156033,-0.000863394504302756,9.57435781309258
-0.0012375070721535,6.35241248430537,-0.000535752469275752,11.1147173967512
-0.000440086374933447,5.29697574483865,-0.000385032083205678,7.08965572033302
-0.000809741016250812,19.6746264284505,-0.000636123173956388,23.0751899236006
-0.00134889999268885,11.6832599093638,-0.000986539195898828,15.119979453114
-0.000925523847592061,8.32885172230045,-0.000558333511807197,13.4794769249446
-0.000882205223316957,9.61375152805808,-0.000715739350256797,13.4587114072939
-0.00152551013969047,10.517406716471,-0.00113830443023077,15.75452530985
-0.00309306610361896,16.5388248760768,-0.0026038670312239,17.4028278311977
-0.000504819949463589,8.08669945963187,-0.000514884028692151,14.3012655704566
-0.00101561078196443,9.19287174807413,-0.000468435716514532,12.8515058447086
-0.000965109007784439,9.91147472908295,-0.000680396639424072,14.3055203711134
-0.00102080516849057,3.61349834871742,-0.000552575712725575,8.63365023489903
-0.00143884383468403,10.6077982053855,-0.00135687449694386,17.6869461156979
-0.00090001440150814,22.9102956332941,-0.000682707552168224,24.5635959884522
-0.000548782666871303,6.11818692545593,-0.00062186043785272,16.3190213598408
-0.00054548072826857,4.34178261021598,-0.000422564594210329,10.2786765099069
-0.00131019171919356,8.29136256783886,-0.00100317029561869,13.8854096657774
-0.00139787463868769,5.73255285354545,-0.00109115355182075,14.4250935256731
-0.00106733655151282,16.645923124615,-0.000578459831124983,20.5797324189493
-0.00158307693413431,9.26590759495563,-0.000923318612185193,16.9732331818057
-0.00155591618462073,27.473953383752,-0.00104380588489583,26.4301894451075
-0.000929182093294777,11.424643143319,-0.000553160962591757,15.5056707877487
-0.000640765251148569,13.4556734807018,-0.000529946886891667,21.2557311421534
-0.00145018028381457,8.49625113239417,-0.00102661591152179,15.8048685903657
-0.0005240942900552,12.2546299834494,-0.000753994793991151,15.5097291266259
-0.000749169772147901,10.1977514880281,-0.00048387411007184,15.6097444346543
-0.00097034494155821,4.1476655847894,-0.00107147611261627,7.82767310640246
-0.00131357008949622,5.9943575273185,-0.000751470924999295,11.8400525582621
-0.000993561334262827,10.2425276831584,-0.000838806578358735,12.7349534006201
-0.00190634961470159,14.0562417265323,-0.00130492722240609,15.8040293705906
-0.000358272671422603,2.35415825475895,-0.000508906090507163,8.92777270305784
-0.00092142267535021,3.13135483591769,-0.000929919354223689,9.90784146463634
-0.000748652765657575,4.32575653138433,-0.000446289821251424,12.4868283768693
-0.00133375637727402,7.84389685167413,-0.000983063554994919,13.7662074867478
-0.00133981940121732,5.86941215158474,-0.000848170928722396,11.014750411758
-0.00101430977673471,23.6923621055726,-0.000769096236620422,23.6420374548191
-0.0017204723541191,4.42303359577866,-0.00162086378025304,8.90921700918925
-0.000716891157044063,7.65777552029912,-0.000649616377542312,14.0566348418467
-0.00180496330845351,7.68644234307317,-0.000732615302752255,16.4157901810929
-0.000994136251573091,5.06060240035823,-0.000513515231584492,10.8614644193724
-0.00169892478088633,29.8606071087489,-0.000794900504404632,25.9320035875774
-0.000711748625095428,6.74250723442106,-0.00116441094965386,10.8074052830989
-0.00062818046844474,11.3424456244847,-0.000503190778733933,20.2811446655911
-0.00107111863388816,5.65217562435134,-0.0006979279484601,9.9494692248282
-0.000623728395187201,5.79465406683296,-0.000645363680606691,11.9091438159799
-0.00127416175421882,9.72832118959588,-0.00113644260890442,14.8276434262167
-0.000794423997956029,4.63945515034692,-0.00128428419785276,11.840472428878
-0.000871239931985418,9.11457939622532,-0.000901050492117528,12.4759652740399
-0.00137359125934837,9.60801258450699,-0.00101008128069072,17.2409843317152
-0.000875198330506816,5.63416349195677,-0.00125394516091757,11.6306834701893
-0.00111951824436363,12.3205563968687,-0.000439922865644265,21.7712275401121
-0.00149951770104061,11.3985422310614,-0.00103333434401008,14.0640573915806
-0.000831840569138763,8.66734420459247,-0.000702842604306356,12.4307869527972
-0.00118252545088392,12.1207884897722,-0.000672005662757564,17.2288325358141
-0.000421235387808107,7.99694117838828,-0.000337305784715292,13.722507419852
-0.00116587624740966,8.77162041632959,-0.000584243215062374,14.2419483525861
-0.00126881111438813,4.1843246602133,-0.0013588230759837,11.2139040875463
-0.000603685011440538,6.61956376569801,-0.000511244356960384,11.9976670464346
-0.000884421805288729,4.31761482665409,-0.000567830816920213,9.7255561509538
-0.0010938810758021,7.91015036034403,-0.000788129329754494,14.2014896848071
-0.00103054318498147,8.71880324490503,-0.000987088143666445,12.6577109714317
-0.00122238983150293,8.87037191331964,-0.000875348035729342,13.6734153937613
-0.000974895268621499,10.2794297230812,-0.000780794808989015,13.3364583185208
-0.00122199646676142,5.56824740607061,-0.000641772671996471,16.4567022629389
-0.000743149508719407,7.74462241523272,-0.000426817806390313,14.1413123747817
-0.000705364617604259,3.50084590015394,-0.000372259780642991,9.42849724184683
-0.000792507112566863,11.7876919409942,-0.00101024855940606,16.8663740683428
-0.000807840457292076,7.9084069984103,-0.000574084609740411,13.9259472196203
-0.00196730875434709,10.0940434065267,-0.00166282181243569,14.1358726290305
-0.000952211039680616,4.37214387113996,-0.000650746291287891,11.5427098161609
-0.0011820474416168,5.72922924766329,-0.000494300524991756,10.2474825513921
-0.0008264948361955,5.38198997162519,-0.000748405917272853,13.3309161163301
-0.00072310824458291,8.54030828075892,-0.000837333447398884,12.6485159851062
-0.000756630629928936,4.15868254350627,-0.000536748724994308,13.0208103886483
-0.000530045289674434,12.473549651118,-0.000612575971849168,15.744299717575
-0.000549146365261653,9.84610313304302,-0.00060296874279097,13.6642618372396
-0.000263102763239149,4.68377881658314,-0.000508264123039262,11.143398568043
-0.00152695456906603,17.415107674658,-0.00100084191618656,19.4553005424981
-0.00179274175698362,8.39444710651879,-0.000915887386835228,12.022341266551
-0.000639540587150057,7.46951240788353,-0.000527862492889182,12.6773825591453
-0.00107852506725078,6.47658395638313,-0.000617817254666019,12.3707285122168
-0.00314286964963889,21.6019721382701,-0.00193237193164062,21.8433166161543
-0.00127264391424629,10.8539380207509,-0.000739947475590918,15.2502572597712
-0.001270545676975,7.67132264511587,-0.00131896966986556,12.0240113538849
-0.000827285107552959,5.32609785669691,-0.000599430664610319,11.7219618814747
-0.0016445323945822,8.99382307563603,-0.00094146739897436,14.775294532636
-0.000727246892057314,11.0811077668926,-0.000793081648462159,17.6641441096007
-0.00147206145871488,20.2166444748089,-0.000863506708055327,23.7365897968775
-0.000742549211750779,8.60019117117738,-0.000513799392294703,14.1852556691755
-0.00167998790699599,8.13730759671385,-0.00112298630108208,14.5023497851991
-0.00129840918475251,14.3455312289508,-0.0012707769773751,20.015002908958
-0.000866535456339547,4.87751281044673,-0.000615627408030089,11.8970282413535
-0.00105027219126039,9.97405986648904,-0.000680456403219172,15.6709344978215
-0.000740181555130275,6.25702576435195,-0.00123047520778959,11.4520773811084
-0.000603888565454811,10.4560678540599,-0.000533304584245717,12.6510329039922
-0.000895742696615331,21.7861456269754,-0.000835784131300674,22.3473055594279
-0.000527130594401291,5.17996507912193,-0.000597536953557461,12.0189776205875
-0.00107707661340953,5.0810317278599,-0.00114535047555222,9.10406105152673
-0.000551928229699225,7.54969589936918,-0.000526465892178398,17.0361099237821
-0.00106376537939703,12.4671527538167,-0.000682396397205221,15.8379000090677
-0.00249885675599105,10.9045684558141,-0.00158989050202959,12.5399937875175
-0.00252676362387549,17.3238616800826,-0.000989162851067722,19.4833511014675
-0.00080633431451879,5.68662758405972,-0.000740972545320751,13.6927067665428
-0.00200096345969617,9.24157026023323,-0.00124918938381743,12.2620027686262
-0.00174556964551609,18.7945221127389,-0.00119800556691299,20.5434072628291
-0.00124296372925091,9.6015560145161,-0.000880440405729018,14.0182486673089
-0.00163829644848942,9.99446821695832,-0.000604201747348258,14.6961667566967
-0.00179269756114501,13.5997651303346,-0.00108498985550442,17.0063761272385
-0.00104475927828626,3.31661450502268,-0.000646397601464312,10.2880550842599
-0.000874845559737504,7.2734538554694,-0.000763942783275832,12.325575413662
-0.00118586901916432,6.9881908889896,-0.000622100506512024,14.7798248237263
-0.00141009514748616,12.8791319876276,-0.000709741542712418,17.2666662109199
-0.00104051273109495,13.9261422579755,-0.00105891988863637,18.0936160195661
-0.00104273964343267,12.9290673949542,-0.000785788122395899,16.0142083890309
-0.000670828278788822,13.8656753778794,-0.000802798651425717,21.4598597024165
-0.00128834387173623,10.3428832605906,-0.00123939643002346,17.6615551683718
-0.00070559973954008,5.97010899454746,-0.000568652501790511,10.425750656605
-0.00107401028011216,8.45343077195586,-0.000831275575829678,14.2974209289847
-0.00216974343791752,17.5720864520782,-0.00077019638756204,17.3919645170425
-0.00107883680887313,7.89246020870409,-0.00103987513829407,12.5049732225105
-0.000806334369208931,8.61889277302738,-0.000382695242998833,14.0770552798996
-0.000879555632559731,5.79284974861637,-0.000529791528638388,17.3492969335881
-0.00174537798473027,16.7783516002816,-0.00164059942838557,19.5984435535994
-0.00183373021003135,10.2879834015239,-0.00135044697035429,16.1647270424539
-0.00145699477082577,8.7351603882378,-0.000829601006927319,13.104848554034
-0.000661540652228246,5.41345290786797,-0.000478758405791049,11.4791481684759
-0.00088712724454323,4.84044694561679,-0.000721020610150184,9.92006773790337
-0.00120941840451387,10.3737186238637,-0.000604192237395041,12.3018090175541
-0.00126524176182364,3.89343708055932,-0.000521595682614432,11.371547448805
-0.0012717543830105,4.22144465494264,-0.0011561279860246,9.7148666614673
-0.000971216844327957,6.95415947809791,-0.000302572444411122,13.4803888124757
-0.000675161959734059,7.56216706051702,-0.000813684969352802,12.8432521014088
-0.00144829294129476,10.2203435104101,-0.00101486964443367,15.1064216738294
-0.00110387091710913,19.4761612340316,-0.00100320278578588,20.9204456695265
-0.000810289536921568,8.19116091232078,-0.00105290592665802,12.0309968423796
-0.000652964197357192,17.8330514815152,-0.000555886888669943,20.4445380890366
-0.00153293953355226,12.4357507512367,-0.000733729977594758,15.144217340936
-0.000748110118362657,5.37013170486936,-0.00050629546727484,12.2130725838391
-0.00167605541582775,12.4006540544104,-0.000662688412137184,18.7644164281873
-0.00092935923554624,3.83345062005353,-0.00107706452909351,10.0694582063184
-0.00114684098827394,15.4460386641087,-0.000919788957272155,16.9745141730862
-0.000625796054239516,15.1184820676565,-0.000477973723674237,17.3467558689926
-0.000961968690147656,11.0525751264283,-0.00131545747738666,15.0121390708983
-0.00104636611984604,11.229080665675,-0.000666229308616714,14.0574055801623
-0.000291826178490121,3.54587015724683,-0.000325839510000712,8.15529526974253
-0.00186109804676109,12.9044346684154,-0.0015930655443064,14.6633456483083
-0.00165775442063535,8.22234647084046,-0.00160755152307919,13.4628651189659
-0.000635163862696553,5.09974404967932,-0.00061383173542976,12.5229474686319
-0.000938016407461412,5.29651613161266,-0.000751115998685214,9.73459953453114
-0.00134283488865401,14.3738434616599,-0.000929907370276456,19.1269933443972
-0.00119495904880578,21.8620969467853,-0.00129811675975622,22.4548869900145
-0.00090051413178716,8.84519662554742,-0.000926934147732197,12.7954948474987
-0.0017361450887764,17.4146887739889,-0.00159363800810973,22.8736812106858
-0.000804188033940212,6.46871013623671,-0.000512943107773258,15.6656987519746
-0.00106057755479512,10.2455089969714,-0.000842424312183563,15.7616997803435
-0.00102363265252866,9.69310740694916,-0.000615363422472357,17.398552782915
-0.000740071303492311,17.4958289839315,-0.000676167076375714,23.1102031735557
-0.00197731156467729,8.86802527467631,-0.00180626901486867,17.291127535269
-0.00121163661892595,6.74582752375281,-0.000994124557064297,10.7250366184939
-0.000575492933841737,8.47816808211544,-0.000561830535128286,18.2150843386092
-0.00206896971014928,8.52683018966975,-0.00116718898068945,14.5538755952272
-0.00106936688620781,13.6379490319629,-0.000927455254157683,17.5206083763851
-0.000383817861826887,5.57957692291473,-0.000385819996049671,12.4404785950504
-0.000823238960139896,4.02700628546196,-0.000795241880800802,11.4206584566576
-0.00098981681219317,10.2869989455174,-0.000980287710082311,16.2370594766569
-0.00164367965715978,12.4520243930336,-0.000851268326929106,18.384040967763
-0.00108239552023089,7.57265113861528,-0.000597272457170145,14.0347556546783
-0.00133702832935049,9.37614664394389,-0.000580169589360313,13.5938011458924
-0.00203236777164146,12.1382537786822,-0.00155098753520114,16.0008408223558
-0.000537511527669119,9.54975666408285,-0.000465843494820987,14.9672233400316
-0.000850638601757243,4.03778329205697,-0.000455022439935225,8.59078419365653
-0.000871913220539763,9.37480926208702,-0.000961748159273608,15.4804029594868
-0.00183581792615891,23.1436276262101,-0.000758187426234939,22.6078129674575
-0.00072150581215335,4.63880670014089,-0.000603800892937876,11.5237160842626
-0.0010184399755314,7.0503589653587,-0.000705800311967814,12.9550892661891
-0.00171698740318754,8.26146003449095,-0.00128567086425929,14.4109987243498
-0.000692436740030649,6.45284485413438,-0.000538971118594262,14.0594442231148
-0.00150650248589719,14.0813568063294,-0.00160825345207396,17.0686663349072
-0.000737411753715728,5.03522248779837,-0.000818039409329364,14.1920660794484
-0.00080231823993728,9.89666481091295,-0.00104537684010516,15.3555322764589
-0.00112089297787935,6.38207603552555,-0.00128161618150466,11.2318606765396
-0.000970151154403026,6.1442305102569,-0.000676342704774159,10.711107943619
-0.000673643131605952,11.5718884604052,-0.00055425109890037,17.0641804083479
-0.00169934260795354,7.97118746475297,-0.00112488252961846,12.7760721058309
-0.00114867014692738,9.14173720948303,-0.000625560243065704,18.7539385525362
-0.000499032130420269,11.4898739778693,-0.000413693210655025,16.662080179173
-0.00108001026156365,23.7271487511702,-0.000622413877329149,20.7513428996766
-0.000975043964789151,4.86913744776426,-0.000791818759570119,10.2277804574265
-0.00151836654117976,12.6957074793879,-0.000803353153810821,15.3863010188843
-0.00156444203160517,5.46292769023811,-0.000823664757987304,12.2997471758538
-0.00179881605324064,7.10076166069468,-0.00150944633185091,14.651513797215
-0.000968498985614144,3.62620743708315,-0.000661686448430308,11.4414231606561
-0.00102105211419559,9.14071774953854,-0.000863863900408415,14.54348574232
-0.00066630334742436,10.7904091563011,-0.00043615016971764,12.9167757953192
-0.00106937176303594,9.06706573434918,-0.000805360702984162,12.0392552514895
-0.00161167657169793,10.0052759544501,-0.000960693857110105,15.0739120135873
-0.000584090768726184,3.74433963077119,-0.000793482088672555,9.90614593375046
-0.00145379736726155,10.0631376644853,-0.000744714487027357,14.4570987419501
-0.00096685999796981,7.21817435446758,-0.000663089898333131,12.4204718338633
-0.000905007340676353,35.2653884657505,-0.00101550011445048,31.5197177792394
-0.000904334289440418,6.07190476084913,-0.000378115104896813,13.0071176836118
-0.00115715172794645,14.4171862525898,-0.000680657803451362,15.3891668935317
-0.00177914678087619,14.5534898806162,-0.000942459845283046,21.0244737445794
-0.00105717436378091,7.35018897668989,-0.000806217546411692,13.9612730170206
-0.00138273439015913,15.3949330952487,-0.00095476111146418,17.3392671727847
-0.000631196372041661,11.0237576311963,-0.000637763642127633,20.2945979875921
-0.00123526020187103,13.1558551747963,-0.000706786567583667,19.6999780780444
-0.00194553011392158,11.1511369729519,-0.00107532903432694,17.2027380794218
-0.000889743494595181,11.827378485416,-0.0010255261273596,16.0904714563968
-0.000692605996178142,8.11764749747617,-0.000355909243563395,12.8261307469521
-0.000559432379686601,8.31920382716251,-0.000718266479124435,19.0350090276796
-0.00147722712181014,6.77381170220619,-0.000671084662566704,15.438129034175
-0.00108610807210803,5.72888552973432,-0.00077200543821929,16.4935303398107
-0.000864411523032493,3.59874993135191,-0.000714772063393508,11.9930867802534
-0.00115118356625724,6.67260825032984,-0.00103366313197905,10.6642368848917
-0.000273301853875826,5.89305683443739,-0.000402607748920424,12.1593417324228
-0.00092131674197817,12.7818519382997,-0.000502160694902313,16.829883417491
-0.00123672136984831,12.8038723490228,-0.000996787288036883,15.8692304175839
-0.000544912732498336,7.51629045888317,-0.000277104646307408,18.3338308114712
-0.000643276370594218,12.7643511637818,-0.00070621769280998,15.4252087761739
-0.000860277148063113,10.8197587660138,-0.000703850620228192,14.4943021725941
-0.000950784032454489,5.88048329989813,-0.000612208171333133,12.010509366483
-0.00199235030049057,8.06360828212387,-0.00213062602732609,10.9602310517769
-0.000733597026198102,12.0325983164091,-0.00101984883883796,18.7073225644746
-0.000751855663974345,11.0019449844899,-0.000621137666297321,14.5137356610995
-0.00112208269337814,5.01595817695546,-0.000667148089433806,10.5760059675696
-0.00119667971392423,21.0549245778756,-0.00100821254237509,23.9716176019878
-0.00146000722423142,9.25200782239228,-0.000597508734706114,14.6123550055932
-0.00185609690241009,9.11858331918256,-0.00120447287076346,16.610633376717
-0.000976326266932444,16.2199644394231,-0.000754729042502385,20.8722976697192
-0.000947785153807176,10.7774011207644,-0.000746928459644347,14.3092983309549
-0.000693994941590256,13.9705120658546,-0.000673538992880635,18.9932254313101
-0.000318190671901637,7.80017118890584,-0.000684051391209992,13.9046533471811
-0.000565620187322462,10.3189588301573,-0.000437470856342618,13.9537535705568
-0.00143284460717693,5.36649242713556,-0.000833985231989655,14.9924746811346
-0.00190463149652938,10.0098997681633,-0.0012911300248231,13.8062302389441
-0.000928158694221423,10.3905889514422,-0.000722557710745444,15.9690859542002
-0.000647833808061187,7.60140176281809,-0.000864503338059233,11.7829957060683
-0.00111309874613414,3.9696273825556,-0.000821739919875013,11.6610378997312
-0.000559501268746023,6.41286092548462,-0.000484788441327123,13.6637153263509
-0.000549083181722494,5.10718549030347,-0.00043133753813306,16.1565909414809
-0.0010467344294367,3.74941515158253,-0.000576768997496275,11.9782414356805
-0.000720360979867499,3.27227585963183,-0.000429246505447832,10.2862288172274
-0.00122853753610857,10.0386753906811,-0.000912254500097527,14.1243376227816
-0.000626975345012905,6.79550647971788,-0.000701586431059066,13.5718422542542
-0.000996537490704975,7.2166091984687,-0.000527731205168425,12.8642304490065
-0.00040798958512895,3.70017605871248,-0.000425031859001409,13.0175731379924
-0.000741712455399323,3.9873795678949,-0.000944947699862815,10.9689715465381
-0.00134207742846757,10.7173504353396,-0.00110443986279267,18.1155370110894
-0.000647737610781209,7.12137976658812,-0.000525441017355295,11.6722487159351
-0.00091577088145557,11.3261619445363,-0.000745239124370235,17.3710954418702
-0.000650443320482741,3.1122935301154,-0.000540494215827889,12.5846756492251
-0.0006305027031232,26.0205984655514,-0.000726383739393598,28.1145839558146
-0.00197061525272342,24.7903077651518,-0.00137582624538333,23.298059653786
-0.0015442611570444,16.3450039171318,-0.00112418089851327,19.5741626709236
-0.00180174411703669,8.09274795226676,-0.00127578065458144,11.9105692130119
-0.00143036193193734,12.9688439240619,-0.00113358174655597,17.8140308779584
-0.000609358746729952,6.11289504821329,-0.000385211245969447,15.8404360630144
-0.00119531177132835,5.66745109502936,-0.00105416981621033,8.37991326098416
-0.000574038069258865,15.6728071180841,-0.000528376421994167,23.7066064467195
-0.000908613106110716,16.7107547661629,-0.00105625985250376,18.6617069075689
-0.00188096270683548,8.82780632717854,-0.000875046435987185,12.3453830396062
-0.00160940978859537,10.2470980975344,-0.00116379268185086,16.9398543603549
-0.000930118213805215,10.9095730463114,-0.000745524771274111,13.7368876018431
-0.000794951307395299,5.76161204898672,-0.000627516299967301,9.93188705861735
-0.00114507387489752,9.42996911919114,-0.000793076222361199,12.8171795489801
-0.00316770802454823,16.1794172728115,-0.00150733894460988,21.1662171487563
-0.000746724574181088,9.44496095427511,-0.00117474339520336,17.4345792249746
-0.0015741605392581,6.19611185173751,-0.000955826053446764,10.3474527865007
-0.000598057252184123,5.27090963642804,-0.00030348260739445,15.6116310158175
-0.00053831571837529,5.72620185453513,-0.000577549882557371,10.6256724166198
-0.000713307154702872,10.8805464694776,-0.000595400941029659,15.892884903442
-0.00165623919688449,18.3307614768144,-0.000994174964942797,26.1977264441463
-0.00216206692456551,14.4671711994297,-0.00124099257937517,16.2771725822848
-0.000610590726006958,10.2709258083197,-0.000546054548388053,17.3639082583498
-0.000583375580927919,16.5856672152606,-0.000496462354959778,21.4920859464771
-0.000644480346227312,10.5409021586819,-0.000778462493438911,13.4782118133847
-0.000808659566221672,19.0108696592855,-0.000611678570185865,22.8177034459931
-0.00124926842349256,9.26766358153338,-0.00119881673410455,14.4466347554808
-0.000444525012237939,9.14208221515002,-0.000391294024576545,15.026840320763
-0.000752153707327863,3.19899982445805,-0.000563659161891771,11.2157415907453
-0.00110567905285243,3.90600464066056,-0.000781394783142118,10.9427310153063
-0.000942809433312976,3.43080801670628,-0.000280224824960733,10.8188636068446
-0.000568955850700296,8.64895002483842,-0.000408804133185432,14.7690459695501
-0.000688882969137907,5.87278843120185,-0.000261504746967648,11.2587861288203
-0.00197849306656808,10.0893405846059,-0.00130576353284058,14.0456285405395
-0.00076245562634586,22.6594746051536,-0.000857809272267076,24.3649930513765
-0.00155958722866393,7.84426440678045,-0.00123606849154361,13.8685277142062
-0.00105949223250854,5.94221839646423,-0.000781271785396513,13.8644817562741
-0.00149525126235311,19.8294430874038,-0.00111058400789978,20.6386226431254
-0.00169850893351865,16.5324863610021,-0.00117088785352811,18.3172538243322
-0.00131092712579049,8.83155634467012,-0.000866544860165883,14.8561536576004
-0.00118498231733648,3.87199289731056,-0.000625761533370745,8.75217227192198
-0.000861936190027752,6.74502739404845,-0.000399503013108884,12.0973269783167
-0.00073748465182576,8.76858180655827,-0.000492625808512915,20.0298875382443
-0.00114490168052371,14.1328919472962,-0.000650020157494326,17.8074625059797
-0.00172532097541971,9.95694469772829,-0.00163066501123893,14.7343572929502
-0.000841676982608814,3.97730678851102,-0.000586348565371629,10.0455698196854
-0.0011552403232731,10.5302455538576,-0.0011750359564884,17.9622882480251
-0.00149740399229864,10.8599438054309,-0.000830570138590657,14.0783086231225
-0.00078576098735505,9.89696261443193,-0.000610787093034888,16.1183074834169
-0.00242019993318067,12.5281523644364,-0.00142067307793015,16.0360901847184
-0.000400252815798746,5.52601923284436,-0.000324173976701952,9.45992994273322
-0.00108652640587815,3.59947151721376,-0.000670774744863676,12.4532131340685
-0.000850557372082399,9.56879012528389,-0.000480395057657962,16.3073594394629
-0.00106873878298095,8.63674902919987,-0.000832065729947523,13.2135156621063
-0.000940587870467389,7.53603127386263,-0.000830482438295419,11.4617119404118
-0.000551434379382807,4.18521647198095,-0.00032119646550063,12.4277460202786
-0.000670543353372664,11.0462884517038,-0.000626227026862179,17.6218276771488
-0.00153813641115848,28.0698866415522,-0.0013028108803197,30.5200635788621
-0.00168335062783884,8.28278422910974,-0.00155883197044548,13.4576095851715
-0.00139484470731869,20.5902907380037,-0.000983394203450137,21.2525817700956
-0.000642292901626738,4.76253958552283,-0.000359138637577444,11.9017993649369
-0.00086964193725672,12.3024421756927,-0.000786444559497175,15.8851803694225
-0.000785037094958268,5.66829520303077,-0.000781915620198538,14.7771238973035
-0.00109548581789759,10.339116919179,-0.00087168184426523,14.6196475066669
-0.000457497621140749,4.40845504412971,-0.000445539414995594,14.0803375506798
-0.00146576569488608,5.2254128752781,-0.00104497328242108,12.0928470998663
-0.00125391315020501,7.07340163968019,-0.000844232477523578,11.1814591159168
-0.00200692305573948,8.27475044986827,-0.00138130296740386,13.4274732536897
-0.00131145123923511,10.5747980528195,-0.000976607057161649,17.6229347929441
-0.000622406935151588,7.53529869221449,-0.000388687028442558,13.0605609049867
-0.000616946508970048,5.35155876318949,-0.00054593005990463,13.2040989551041
-0.000787678553905165,8.44967359525885,-0.000789932334093995,12.8556430338001
-0.000552915725620614,10.9067884458788,-0.000571966181401107,18.7941002516502
-0.00138632700965585,9.33601781475795,-0.00087591605932382,12.4651027350531
-0.00127506840541816,7.24183967218726,-0.000979720129576254,13.4097556743951
-0.000494980711545717,6.37396066542044,-0.00101645754472349,13.4981473264166
-0.000572619272411069,12.3913144127378,-0.000457533981851827,13.7771573268996
-0.00151325147502821,13.2908943071537,-0.00118052936154816,15.4908221032938
-0.000843018019539098,17.3308721055021,-0.000579170373443358,21.0665850541674
-0.00117293422163528,4.67338684652655,-0.000613150474838352,8.99642071997179
-0.00162115287142882,9.04719829206059,-0.00150802455939653,12.7098708200304
-0.00078932575995153,3.2175416986579,-0.000669199442461699,8.53493040993734
-0.00088026248292316,9.7910956014077,-0.000360136551731299,13.2287190426428
-0.000488619119968484,7.21764900917383,-0.000412110715973811,13.4867464363139
-0.00216315637110793,7.36382180202549,-0.00129031560589179,16.4094272060801
-0.000942346600708904,8.37482336225837,-0.000892380582893146,13.517249136421
-0.000128116056459366,4.79561001823905,-0.000147383921207684,10.0817901405111
-0.00141252389407672,9.43137389303456,-0.000988465434638082,14.5438585306422
-0.00123566371619023,15.5877555477225,-0.0010483953394197,16.5703333692482
-0.00131303807118729,10.48457970493,-0.00112503135662868,13.2673182387331
-0.000541212545626272,5.19977927130396,-0.000365744296576265,9.18445306898267
-0.0014548279674584,16.0977088319684,-0.000686710664078975,16.9198669824976
-0.000644080015187546,10.1236666225093,-0.000947317518711516,14.5617090408287
-0.000485341851778978,5.92483534390446,-0.000548590525792148,9.41370413874609
-0.000843133926910443,8.61500802914923,-0.000596362560884113,14.0830199988393
-0.00180744649161753,9.73897697290584,-0.00128635328527471,16.8545250820326
-0.000811829406119418,7.83437666614878,-0.000633226655229779,10.9994121487331
-0.000572413563449858,9.35461851953295,-0.000355276619319842,13.3738022568703
-0.00142506536019122,13.4543564186525,-0.00107256978575314,16.2447038702134
-0.0019779262017205,6.01394390637625,-0.00149056115677999,10.1886170508076
-0.00101124703709811,12.0389401535807,-0.000944246793540076,15.2156113114561
-0.00118874108690592,7.69789722196011,-0.0010852366359563,11.7348798111898
-0.00205197889006077,8.23991713119338,-0.00160973095332821,11.3046951754886
-0.00100013854360543,9.22356108457764,-0.000881799744224661,15.2050070498467
-0.0012820159302844,5.78710331964784,-0.000722777189901587,18.0679676578522
-0.000597318781478124,5.02859252872953,-0.00101252932937145,12.8477695368725
-0.00117277639827128,10.8034075358991,-0.00101862179690383,14.0195930316622
-0.0009950937332435,18.2573008729299,-0.00082296660450965,20.5770349651979
-0.0011351662883937,11.5110496893357,-0.000778667173740395,16.0274069707781
-0.000504318366240588,5.21907249534038,-0.000325576432119766,12.6838571424421
-0.00138073148457338,5.36063442735634,-0.00084359969766541,12.6256672573374
-0.00171961338260889,18.8732586631324,-0.00175780212080619,19.5571796603859
-0.00113713402940477,3.34413248651768,-0.000819919563445549,9.0012257277747
-0.00113550802132486,15.3336310618868,-0.000914804451648608,17.0118738886284
-0.00248822280493724,5.84684655453602,-0.0014217201439956,10.216726845678
-0.00150724984064935,16.2673734058867,-0.00112671925202821,21.6567400154691
-0.00109454169180172,8.20121429358901,-0.000897632049684057,12.189737678486
-0.00120937262298526,15.2990526671667,-0.000740087932031156,19.0700122735843
-0.000959204752018305,6.01252345938184,-0.000615678251743224,11.2229468840209
-0.000533490335191103,3.9944290182231,-0.000406479795276497,14.389891546142
-0.000991665627504945,9.94863005427148,-0.00101734703626302,14.543355600976
-0.000978086438424234,8.85109591618362,-0.000750842989947237,15.99517313585
-0.00130899364061097,8.54600328891139,-0.000944381971485332,14.9447350031711
-0.00101655786520497,16.0100563173349,-0.00106502234510465,20.6389710426939
-0.000851452365758157,11.6569527374851,-0.000598648697619372,21.1895197528498
-0.000577645937529719,7.10501350264295,-0.000656957658086354,14.5144252101028
-0.000499219944926193,12.1748693364862,-0.000489650183721288,18.6978116368515
-0.00069770588432369,9.16664803256751,-0.000519123964167951,13.940407689062
-0.00105621480417295,12.9961055302641,-0.00115094016685851,15.0632226440385
-0.000530124928090745,4.9996456640974,-0.000423986889319245,11.8636405053584
-0.00110174616716308,13.1100794974471,-0.00074878891141396,20.7277177813669
-0.00123216532420922,7.06750405653507,-0.000948599558900534,14.4921128161984
-0.000597049511468769,3.35801958625701,-0.000351897097079369,10.0105588560219
-0.000847842635402027,14.0109879764864,-0.000403910477575151,17.3848607143207
-0.00112534079949736,6.29362504655214,-0.00108720340197023,13.5035701638568
-0.00103663243132785,15.080255031753,-0.00103184999036652,20.8061681397722
-0.000689202480467201,5.19113103201679,-0.000670887638430383,13.0074978493513
-0.00196857463380269,10.7215083526845,-0.00158035738315417,14.6617430295112
-0.00123347184593354,8.38438821678761,-0.00129218185716256,16.9485596636677
-0.00116852975299999,9.30221842539017,-0.000856436423958216,13.8550402518051
-0.000937739234045453,8.68929499375445,-0.00087350906139113,12.6267347372198
-0.00195985812229024,8.6331995875337,-0.00156093470342135,12.5722989494845
-0.000846172754694089,9.17494182554538,-0.000528900338758061,16.6977015017326
-0.00124906863293406,5.13449920522425,-0.000867262620475297,14.4637508111266
-0.00117200495886051,18.6463270727786,-0.00125561928369913,21.1636678871315
-0.00105403170080496,12.3378908585277,-0.00116919525921303,14.6226990827476
-0.00101922169178185,3.03186682897487,-0.000860703624046753,9.67262547832322
-0.00102748018557507,9.43929312391656,-0.000781214101267288,14.235187448504
-0.00138249241504458,10.5769722941529,-0.000694170547913371,16.0391486330612
-0.00114285061025209,9.04054116449359,-0.00115512718151025,15.3814272212849
-0.00118392806916734,9.12343741787956,-0.000907379337208013,13.294764955388
-0.002178514475823,33.0692625994916,-0.00181216335826549,30.8981862737347
-0.0017663379816964,8.21296925321169,-0.00113532647177164,13.2733762359469
-0.000718908952873292,9.58169964585728,-0.000547755117793423,13.7642416624386
-0.00229450550996383,14.841975031132,-0.00106663889502696,17.5657442801897
-0.000582016673643503,3.99032518344579,-0.000381223373324008,11.0210216646387
-0.000739065497006931,8.38305035222669,-0.000399236888118645,15.5732114484368
-0.00133766366537165,8.44871899934527,-0.00110230650171517,12.825060727461
-0.00106126034783961,16.260587045851,-0.00060471510200382,18.6415685826707
-0.000591211175933088,7.79331409751649,-0.000485114294708268,14.1580384802697
-0.00131758075883146,11.0092316426238,-0.000719660613505923,17.2079215774473
-0.000748736378236598,13.5065997616523,-0.000629085453729048,16.5301112149807
-0.00125841299415352,15.1312551422258,-0.000935290690929791,18.3071705912894
-0.000738027412869589,6.8875889181663,-0.00036317910603861,14.9798809334961
-0.000884372128502755,24.180947298297,-0.000673093991335396,25.6974963582197
-0.001354692499923,6.00346920473216,-0.00116787557405289,10.8784157353939
-0.00163911186214709,11.9428832639337,-0.00078851471449477,16.0527650086545
-0.000580499188959374,2.43801740900927,-0.000509116736329113,9.58436524064504
-0.00112451806167555,8.50924175624382,-0.000652332846079911,12.1012783622759
-0.000782090216815825,6.65636659763423,-0.000620657453199593,8.96585689809709
-0.000772259927049269,6.18039321838396,-0.000495751757006953,14.1169814675568
-0.00133239616420804,7.78675730067611,-0.0010420093792926,16.6491771838771
-0.000309841497868073,2.99221457479663,-0.000284337337680106,12.13711399958
-0.00112664090022679,18.509330983197,-0.000885353326108703,22.3138626927499
-0.000862361807230943,5.32188648061672,-0.000896379079417903,13.8361582300938
-0.00139491738923174,10.6101119641102,-0.00107646511454579,15.1340326578261
-0.00215624719679261,10.4154256273829,-0.00154154236600566,14.3614701736114
-0.000715114427130228,19.7457887251286,-0.000478308879149987,22.7119971685308
-0.000714365226482359,6.74911104300787,-0.000578600521945096,16.1005514552999
-0.000440981070900995,3.62326291399886,-0.000318899846268488,9.44577632295556
-0.000960190726652193,5.84319878182634,-0.000501252483374203,12.794519494051
-0.00110122801717343,6.51179193060028,-0.000715167050317226,11.5630626455089
-0.000705724313674554,3.10320796716236,-0.000564701723164332,7.79512885345592
-0.00127075442239689,13.1454109466009,-0.000887851230529596,17.4882900544138
-0.00108692752400195,7.30267917352099,-0.00087861769076833,11.0088889343642
-0.000718546840759141,13.29029610535,-0.000464047775945761,17.0040916016112
-0.000326965526921988,3.94510817061875,-0.000341920718726448,9.48039744854132
-0.000544179092487947,6.22996602320672,-0.00045084270145865,12.7621569749116
-0.000607013099885391,6.30868734183896,-0.00051037168666148,11.1047619030359
-0.0013290950603197,8.74708222399734,-0.000941070230044017,12.7011973967213
-0.00148200648234738,13.9151270606805,-0.000658605340247027,18.9192302014492
-0.000687506464436173,7.48577281539424,-0.000903623816989824,14.5672510788973
-0.000874334482095738,5.60456412869431,-0.000658323764416288,12.3063577843415
-0.000799232037420035,8.48305709231775,-0.000562157371190946,12.8226417674868
-0.000828882846677034,20.1573277562995,-0.000628797088140366,20.1603935338924
-0.000902145006011035,4.93714189081636,-0.000664201632719319,11.4550267664074
-0.00154391441088223,33.3885421251534,-0.000821002997515374,32.969867379469
-0.000803855113647926,10.8907175745074,-0.000664774775267452,14.6917493850151
-0.00096106511458628,11.6408191354177,-0.000664460774417168,15.7129587162327
-0.00121818908686171,14.1898758549009,-0.000839428191831148,18.5294806630308
-0.00089157552634773,6.22512518000598,-0.000451031476782697,11.4398149977851
-0.000964710367119865,8.10156410905063,-0.00122318685696805,12.4360888866634
-0.000819479426546035,9.47955816161939,-0.000272840126686785,15.1173960969101
-0.00145997767747664,8.28493051867325,-0.00116907654265034,14.5774509230054
-0.000581362009353511,4.97199589820268,-0.000720777464466393,11.5998528327272
-0.0015180540786411,9.7946573252517,-0.000894574241853748,14.9089491251325
-0.00175355479843687,21.2125153718334,-0.00108769097868172,23.2596418797803
-0.00123637222948952,15.7756121507122,-0.000743069556324737,16.750304609299
-0.00096159627910495,3.3851969912461,-0.000805840242318154,13.9965790137635
-0.00144844766317317,10.6334905186357,-0.0011138974159626,18.4139406070222
-0.0007674392740697,10.1021450452893,-0.000671513669076657,12.6079089073813
-0.00232142330495537,10.1181663688171,-0.00159980527991713,14.109788645386
-0.000597841610516157,4.68495040392602,-0.000732345596367879,10.0790666451652
-0.000935939554578978,15.1507366839788,-0.000887818869615246,18.093664859419
-0.00104486016716825,5.54731432816763,-0.000711828255257606,13.7528263568524
-0.000578793616261784,6.95794295029498,-0.000727363356014242,9.44030510061849
-0.000787355625826408,10.846737913544,-0.000621376964286155,18.62855422974
-0.000618580952298509,4.08210682246637,-0.000454783037226764,10.5763254306947
-0.000953999980596083,6.73470995490583,-0.000736232587160111,15.4926457199664
-0.00179814713681245,7.80327395670488,-0.00109602252375424,14.4831560655241
-0.000622413135304226,7.92508910164103,-0.00102165161563681,12.1182507579366
-0.00111675864532859,4.5327566938643,-0.000608427180959261,9.92191527731462
-0.00134398940327427,11.7881262476915,-0.000861961861177824,21.2020700772133
-0.00101867866481368,15.1515021391232,-0.000939697966392517,20.8999697960962
-0.000563951393916784,10.1735739080118,-0.000550851330033119,15.7552904390946
-0.00032873025360831,5.98498160323731,-0.000353720704468289,12.7207042957549
-0.00103195742924766,3.70236404430523,-0.00078929522092671,9.78853870478914
-0.000872537398910196,7.88892548462484,-0.000769614109766428,12.5373424329126
-0.00150583068007988,10.2298899610882,-0.000924124642646693,14.8188233080302
-0.000288604790061526,12.7242756136061,-0.000277607167404064,17.5309289944387
-0.00150776533358547,18.6105567502748,-0.00142053152108101,18.2131581079331
-0.00105845380629002,4.59959693663068,-0.000635379857978318,11.3193636452397
-0.000505255489356963,11.772955974689,-0.000466504004873246,16.5773490292253
-0.00184495500898771,13.6693526381797,-0.00159547901519182,20.3772179980517
