cemented,uncemented,hybrid,reverse_hybrid
10.61202722,10.6818725,10.65306193,10.63143659
10.46337483,10.51566104,10.49511728,10.48680853
10.4953064,10.55596486,10.5329375,10.52326654
10.54318103,10.60320422,10.57747954,10.56681664
10.49239409,10.54294287,10.52232011,10.50344127
10.43762394,10.48062034,10.47024933,10.44894546
10.51149361,10.56557398,10.54810253,10.53236563
10.51423513,10.56669473,10.54210072,10.5321826
10.50859898,10.56510571,10.53953104,10.53563331
10.48830879,10.55379818,10.52925317,10.51562758
10.51890789,10.58191018,10.55400326,10.54433437
10.62211637,10.69550584,10.67026405,10.65101776
10.53247949,10.58770061,10.55932786,10.55129823
10.49869093,10.54814938,10.52363721,10.51207578
10.46507517,10.52944749,10.49976052,10.49499065
10.6134629,10.65782874,10.64244162,10.61921651
10.58053944,10.63255166,10.6103023,10.60751656
10.47723523,10.54035786,10.5164323,10.50344999
10.49511871,10.54654058,10.53910408,10.51770299
10.46598444,10.52166379,10.49598768,10.48858122
10.55465569,10.61595001,10.59603058,10.58298797
10.48377097,10.54116935,10.51119434,10.50972258
10.3928622,10.44115478,10.42405592,10.41423976
10.56278561,10.61050393,10.59573949,10.5789985
10.63924524,10.70597719,10.68057049,10.66483379
10.56602044,10.63027426,10.60547643,10.59403679
10.60133676,10.65648143,10.62893664,10.62465435
10.5090128,10.56156807,10.53820445,10.53215911
10.46970946,10.52200853,10.49364529,10.48313203
10.44603793,10.49486986,10.47818017,10.46662492
10.5323208,10.59020199,10.57036602,10.55637068
10.40460274,10.45067687,10.42349891,10.42067844
10.56345406,10.62812708,10.59561753,10.59590316
10.5671842,10.61504688,10.59413623,10.59090954
10.55844274,10.60134138,10.58176463,10.56561416
10.60773812,10.66452769,10.6314578,10.62467453
10.60331298,10.65575308,10.6371735,10.62222234
10.44395407,10.49737059,10.47294993,10.46648827
10.47667618,10.53413821,10.50938268,10.49640196
10.4758862,10.53222537,10.50485076,10.50126432
10.61044064,10.6648318,10.63313473,10.62121165
10.4563339,10.53037462,10.49301113,10.4884959
10.44607889,10.49827876,10.47641037,10.47153166
10.51273587,10.5796044,10.55456793,10.54765918
10.62245325,10.67945646,10.66168543,10.65176679
10.48118745,10.54408389,10.52356144,10.51207878
10.63345282,10.68819352,10.67261943,10.66103093
10.49755936,10.56072596,10.53063585,10.51697901
10.56234947,10.61598337,10.59293021,10.57810568
10.49568463,10.54998237,10.52527577,10.5159475
10.51592688,10.5684183,10.5444978,10.52723923
10.5431817,10.59213943,10.57183843,10.56188644
10.45348482,10.51128453,10.48140418,10.46796891
10.49544011,10.55200361,10.5225019,10.51135405
10.5447952,10.59458773,10.57380725,10.55620853
10.59144456,10.65597178,10.63322145,10.62435163
10.59587946,10.64175104,10.62373151,10.60719959
10.4777727,10.52601206,10.50952779,10.49261722
10.50605218,10.57643593,10.54684262,10.53857809
10.65760698,10.71394091,10.68306766,10.67398821
10.57757271,10.63394801,10.61303984,10.60456584
10.52452777,10.57586049,10.55814418,10.54061201
10.50332996,10.56482227,10.54462879,10.53064525
10.53023976,10.58363694,10.56666631,10.55782076
10.51514502,10.56724359,10.54096628,10.53345015
10.48177589,10.54851449,10.52115492,10.51287662
10.46159645,10.5151417,10.49742108,10.48539988
10.50351934,10.54739627,10.52424478,10.5164229
10.57305094,10.62736735,10.60957366,10.59517055
10.52214525,10.57835085,10.55246046,10.54677646
10.55420305,10.61241544,10.58848431,10.57464376
10.59023215,10.63718566,10.61932136,10.60980459
10.67424203,10.73304873,10.70441192,10.69941181
10.5173962,10.58700311,10.55451878,10.54895104
10.57721963,10.63586675,10.61628909,10.60025248
10.52787672,10.58539239,10.55946166,10.55509477
10.5538983,10.6063018,10.58061296,10.57361217
10.54763494,10.61049518,10.59163878,10.57282704
10.44696858,10.49827219,10.46993723,10.46876386
10.50667435,10.55905816,10.54426231,10.53204842
10.54159842,10.59248515,10.56706037,10.55746165
10.49696545,10.55254,10.53354663,10.52137703
10.56873165,10.62352779,10.60243077,10.59745136
10.53500428,10.58951417,10.5667536,10.56014571
10.52795934,10.58320598,10.56450289,10.54917494
10.56453686,10.61353021,10.59284429,10.57721479
10.47213003,10.52960301,10.51292926,10.49872922
10.46173396,10.51148779,10.48821103,10.48191289
10.4933662,10.53979156,10.52218014,10.51371881
10.51366929,10.56785855,10.54425149,10.53842312
10.5529892,10.60619612,10.58576287,10.56416005
10.48381052,10.54124494,10.51106457,10.50604142
10.51881313,10.58507446,10.56015361,10.5488587
10.46328458,10.52180369,10.49329407,10.48292105
10.48545735,10.53212513,10.51363891,10.50273413
10.49337265,10.55570041,10.53529637,10.53273557
10.50877624,10.5642699,10.54309988,10.53066309
10.48331587,10.5426488,10.52169985,10.50392853
10.4940497,10.55642067,10.53855249,10.52036567
10.58534311,10.64803801,10.61160237,10.60223812
10.48273936,10.53572166,10.51287114,10.50583598
10.53856011,10.60238162,10.57307265,10.56447272
10.50446043,10.55645521,10.53559879,10.52177125
10.51812699,10.57356805,10.54656054,10.53474923
10.54217132,10.59920688,10.57277539,10.5644078
10.55620401,10.6087753,10.59694365,10.57620844
10.49559353,10.55188377,10.52913529,10.51880451
10.43130602,10.48578142,10.46888087,10.44900504
10.53084234,10.58492485,10.56607326,10.55031191
10.5206179,10.57395225,10.546938,10.53873008
10.5446664,10.5984114,10.58167484,10.56360775
10.39129397,10.44516567,10.42897366,10.42154482
10.4557595,10.51689588,10.48934473,10.47460821
10.56026567,10.60864649,10.59007056,10.57412829
10.52615874,10.59508362,10.57104779,10.56028406
10.48654324,10.53823047,10.5110602,10.50776522
10.49836396,10.55375654,10.52185925,10.51675953
10.46439416,10.51200348,10.49605906,10.47628262
10.59823056,10.66158326,10.6325254,10.62791618
10.55697879,10.61893179,10.59103288,10.58255079
10.46243906,10.51998518,10.4965715,10.48291507
10.46606579,10.51803209,10.49995386,10.48727427
10.45023083,10.51500212,10.48253771,10.47940833
10.63116031,10.69919138,10.67196625,10.65557853
10.57905127,10.64404337,10.61393336,10.61023001
10.5549723,10.61106164,10.58824199,10.57747937
10.46599709,10.51034809,10.49341452,10.47580752
10.59517437,10.65837316,10.62781483,10.62503568
10.48884277,10.54234892,10.52369216,10.51080768
10.49185628,10.55464009,10.53152285,10.52054424
10.54520608,10.60242859,10.58537076,10.5663324
10.56392116,10.62236845,10.58939893,10.57904574
10.55260885,10.61553813,10.58303773,10.58313575
10.60363568,10.66407691,10.63898287,10.62586371
10.5269857,10.58683692,10.5631953,10.54632251
10.51550709,10.56851363,10.54749642,10.53385115
10.5263563,10.57568157,10.54496273,10.53837278
10.50698516,10.5651367,10.54375617,10.5316671
10.51892217,10.57191141,10.54552336,10.54072566
10.4925972,10.56111581,10.53327872,10.52325845
10.52527967,10.58742799,10.55957258,10.54906843
10.50604685,10.55761539,10.5353638,10.52429546
10.52450334,10.58894937,10.56367265,10.55386985
10.50516608,10.56098362,10.53389289,10.52894447
10.52234439,10.5787246,10.56292025,10.54077615
10.48934184,10.54462478,10.52282506,10.51436676
10.48285577,10.53413524,10.52835102,10.50429703
10.48646085,10.53473559,10.51150899,10.50098865
10.53223039,10.58213189,10.55853893,10.552461
10.60548259,10.66624919,10.64371257,10.63853223
10.50848145,10.56720313,10.54070583,10.53705709
10.4787604,10.53621639,10.51019406,10.50666002
10.5399076,10.60262898,10.5786563,10.55253821
10.60597963,10.67013911,10.64912432,10.63335331
10.46703137,10.52263039,10.50389484,10.49405501
10.59822482,10.65331226,10.62980704,10.6130219
10.56232589,10.61937186,10.59275722,10.58161324
10.42957114,10.48332857,10.46430422,10.45190962
10.5482652,10.59856149,10.5816479,10.57267783
10.54093395,10.59402611,10.57291534,10.56105555
10.56540781,10.61055931,10.59021472,10.58583343
10.59877482,10.66574262,10.62601988,10.63107502
10.48225572,10.5486671,10.52060017,10.50533023
10.5344847,10.59356859,10.56493082,10.55710743
10.57345333,10.6396077,10.61039349,10.60006817
10.40842863,10.46405561,10.44171791,10.43362015
10.52319219,10.57190214,10.54923744,10.54385265
10.49253707,10.55147596,10.52677244,10.51131217
10.55057386,10.60563572,10.58304061,10.56538335
10.53580169,10.59550962,10.56184842,10.55030093
10.5542533,10.60648226,10.58450412,10.5750029
10.50135891,10.56012258,10.53250595,10.52364975
10.51052571,10.56632413,10.55024068,10.54339457
10.53865861,10.59109893,10.57210861,10.56751429
10.39221372,10.44719656,10.42371486,10.40361967
10.50106895,10.56397617,10.54114934,10.53883232
10.61415019,10.67741973,10.64410937,10.63275428
10.56855661,10.62277444,10.60118477,10.59387893
10.53924983,10.58866228,10.56498763,10.55713638
10.53496569,10.59554068,10.57258283,10.5663939
10.43898705,10.49753008,10.48100934,10.45703367
10.53203648,10.5890509,10.5747316,10.55126575
10.58184928,10.63839994,10.61895806,10.60670076
10.51618421,10.5799677,10.55538679,10.53957346
10.58199332,10.63152958,10.61426356,10.6084133
10.61304228,10.66751576,10.64320006,10.62825537
10.46297353,10.51139185,10.4882878,10.47733677
10.53910659,10.59919085,10.56537671,10.55981798
10.52462127,10.57882017,10.56195461,10.54919042
10.50290167,10.565528,10.54246317,10.5303703
10.583368,10.6452851,10.61224463,10.60783671
10.47953087,10.53300296,10.51391029,10.50471916
10.48969503,10.54259864,10.52277563,10.51479095
10.57375809,10.63471715,10.60119886,10.59905539
10.47944132,10.52965089,10.5070395,10.50055076
10.53162674,10.58632497,10.55531277,10.54100673
10.44089042,10.48216088,10.46702875,10.45832437
10.53458392,10.5862491,10.56355095,10.5415137
10.54655528,10.60827904,10.58616061,10.57302502
10.5689402,10.62225894,10.59818835,10.5963827
10.56023156,10.61833002,10.59149024,10.58201814
10.53808615,10.60004702,10.57193519,10.55953297
10.45178228,10.51510421,10.49421972,10.48164532
10.59825621,10.65867942,10.63474635,10.6248893
10.52023256,10.57799374,10.55323835,10.54591485
10.46490985,10.52882995,10.5068692,10.50111327
10.48256513,10.52559451,10.50747676,10.49752006
10.50493036,10.55900254,10.5385616,10.53011859
10.46012985,10.50947542,10.48439547,10.47132666
10.52895597,10.58673947,10.55996402,10.54763474
10.61003228,10.65498292,10.63288582,10.62928605
10.56043029,10.61558467,10.58821242,10.57830725
10.58339121,10.63609628,10.61913888,10.60183389
10.53072854,10.59164468,10.56790471,10.5493584
10.52339737,10.58152894,10.56103426,10.54353852
10.56796143,10.6343765,10.61203515,10.59264806
10.56063664,10.62018599,10.59958275,10.58389745
10.53691331,10.58397305,10.56357584,10.55182534
10.50895779,10.56945603,10.54523044,10.5341857
10.50721935,10.55837187,10.53288669,10.51935898
10.46070466,10.51223379,10.49089663,10.48306089
10.60212545,10.67300245,10.64551917,10.62796671
10.55209451,10.60414657,10.58491257,10.56961521
10.45463808,10.50657033,10.48739382,10.47261593
10.4651183,10.52733337,10.50425643,10.49033694
10.54008902,10.60188074,10.57174585,10.55936174
10.5208537,10.57838859,10.55935983,10.5395052
10.61364163,10.67425206,10.64968487,10.63639281
10.52200945,10.57348123,10.55220285,10.54218797
10.49586056,10.54775376,10.52550446,10.51562517
10.58489987,10.6388612,10.61424214,10.60712614
10.39361745,10.44406974,10.42568516,10.41808942
10.46493879,10.5219243,10.49173316,10.47681631
10.52378142,10.58370748,10.56643119,10.55288184
10.54601413,10.59535494,10.57369352,10.56712784
10.57782862,10.62262835,10.60367536,10.58482591
10.52442434,10.58776096,10.55710543,10.55206754
10.55354575,10.59854987,10.57708605,10.57100763
10.53840768,10.59857382,10.58478577,10.57477206
10.43509164,10.49160091,10.47493279,10.46860722
10.50454595,10.55754133,10.53240059,10.52159843
10.5451046,10.5950823,10.57254628,10.5630982
10.52834239,10.58236893,10.55767723,10.54280651
10.48228967,10.53614493,10.517832,10.50498061
10.37541505,10.42091141,10.39946837,10.39230347
10.47833063,10.54272398,10.52340638,10.50846691
10.52968648,10.57516813,10.55263706,10.54797927
10.47272056,10.52108234,10.5065957,10.48815691
10.44363386,10.50311764,10.47935944,10.46644264
10.6209544,10.6794935,10.65823308,10.640263
10.49213718,10.54878566,10.52430768,10.51503084
10.56036932,10.61535829,10.59194065,10.58643157
10.46000577,10.52361782,10.49576255,10.48708118
10.51385459,10.57369871,10.55711552,10.54120005
10.69493257,10.75065814,10.72438267,10.7192805
10.56579149,10.61988694,10.59764652,10.58250303
10.5296757,10.59016865,10.57098658,10.55868723
10.62608899,10.68849431,10.66485501,10.65393031
10.55316793,10.59787044,10.57125975,10.56107931
10.4662622,10.51436315,10.49408515,10.47929594
10.42590913,10.47727756,10.4555388,10.44257797
10.41997498,10.48108456,10.45615567,10.44649707
10.46467458,10.53161706,10.50491492,10.49760963
10.52127456,10.57972553,10.55223134,10.54370917
10.4491011,10.50646656,10.48486759,10.46740135
10.51777985,10.57633574,10.55928726,10.54715059
10.51826947,10.57010414,10.54636507,10.53516591
10.5808275,10.63388984,10.60753402,10.60432184
10.47438744,10.52702992,10.51144121,10.49110498
10.4993246,10.55368827,10.5299902,10.51196855
10.46720557,10.5261625,10.50721723,10.49165699
10.59519803,10.64736905,10.61803319,10.61259089
10.5175902,10.56901399,10.55073414,10.53112618
10.56029022,10.62484109,10.60078705,10.58592625
10.48428209,10.54395027,10.52322961,10.50863239
10.55045743,10.60745508,10.58247382,10.57347125
10.44323336,10.498939,10.4793784,10.46234756
10.51114133,10.57404972,10.55120721,10.53900445
10.47004063,10.5256067,10.50028754,10.49379419
10.50053262,10.56221772,10.53154057,10.52879148
10.62871496,10.68473786,10.65664051,10.65333737
10.51783934,10.57201582,10.5547585,10.54226375
10.57939126,10.63245372,10.58996513,10.59773178
10.51667701,10.57610542,10.55419918,10.54069981
10.53519066,10.59213511,10.57256553,10.55676499
10.53071636,10.5881331,10.56685026,10.55236213
10.56833954,10.61731582,10.60253479,10.58684854
10.43533136,10.49579083,10.4769579,10.45871102
10.51609343,10.58067729,10.56216217,10.53679496
10.53608218,10.58586644,10.56236048,10.55718919
10.43267334,10.49854235,10.47016574,10.46153993
10.58344008,10.63379303,10.61102824,10.60360209
10.50492764,10.56489011,10.54275973,10.53661722
10.41732652,10.4608264,10.4504339,10.42619549
10.54822191,10.59133991,10.57900789,10.56255233
10.56635196,10.62139507,10.59967222,10.58468088
10.58431722,10.64516604,10.61828637,10.60532877
10.44137917,10.48730379,10.46443317,10.45712141
10.4921798,10.53894836,10.51388785,10.5046969
10.55588748,10.61107308,10.59493282,10.58245573
10.57917969,10.63106785,10.60892327,10.59269097
10.54261655,10.60356805,10.5655075,10.56166157
10.53254141,10.58862875,10.5680246,10.54894288
10.62428503,10.69429736,10.66565745,10.64888299
10.48420329,10.54713539,10.52447289,10.51671736
10.49297037,10.54936162,10.52599973,10.5132896
10.5692813,10.62770785,10.60436116,10.59041059
10.54112992,10.59922495,10.57034076,10.55600161
10.60391332,10.65739269,10.63047105,10.61550571
10.53281958,10.58762886,10.56632646,10.54626053
10.38502566,10.44803607,10.42248136,10.41331
10.40896778,10.47024582,10.44685757,10.44091918
10.54362012,10.60172299,10.58224806,10.57049119
10.57946459,10.63671291,10.60587865,10.58790081
10.49537974,10.56437038,10.53645108,10.53006459
10.52013937,10.57316784,10.55348538,10.53716698
10.40897617,10.47517284,10.45314736,10.4337631
10.59340561,10.64889049,10.63199487,10.61327597
10.50266467,10.56976722,10.54548536,10.53595106
10.50304404,10.55552783,10.5326328,10.51819729
10.42533297,10.48914773,10.46899868,10.4570396
10.48098246,10.54151622,10.51500414,10.50649077
10.54486019,10.59640894,10.57816634,10.56789367
10.46024806,10.53328099,10.51431241,10.49764696
10.57513991,10.62448072,10.60280281,10.58156169
10.53577083,10.6025863,10.58079173,10.56371077
10.36261134,10.41071724,10.40043686,10.38475278
10.55136112,10.61173268,10.57939304,10.57470366
10.48642232,10.54280559,10.51872842,10.52110998
10.54775545,10.60889346,10.58074353,10.57934832
10.53305849,10.59025505,10.57039984,10.56104073
10.478077,10.53448631,10.50995712,10.50545683
10.56911469,10.62486218,10.59825698,10.6009373
10.59892782,10.65836371,10.63115497,10.62093176
10.55273173,10.61014315,10.58371916,10.57935321
10.54678408,10.60401399,10.58063179,10.56092321
10.47234905,10.52027976,10.50040549,10.48976988
10.49184883,10.53581561,10.51615928,10.50806665
10.58038872,10.63729683,10.61889789,10.60998855
10.46239085,10.51677176,10.49868464,10.48502884
10.50156251,10.56818117,10.54488185,10.52669884
10.55231781,10.6026276,10.57657709,10.57429471
10.51234887,10.55912514,10.53564592,10.52194756
10.46987164,10.52546959,10.51222048,10.48931847
10.6122213,10.68217139,10.65415927,10.64234413
10.41334587,10.47152594,10.45676266,10.42863577
10.59315876,10.64617327,10.62008074,10.61543297
10.41577158,10.46380319,10.4495474,10.42944063
10.46758847,10.51194756,10.4979921,10.47982464
10.53122388,10.58476119,10.56558475,10.56057758
10.40615885,10.46536858,10.44644015,10.43528131
10.50859032,10.57023603,10.54084908,10.53292409
10.56342054,10.61638628,10.598923,10.58175603
10.5547111,10.60898357,10.59582297,10.57962615
10.55528938,10.61597161,10.59098901,10.57908071
10.42922437,10.48474134,10.4651461,10.45682076
10.52567355,10.58685784,10.55465969,10.54808078
10.48819487,10.55265946,10.52555106,10.51947289
10.61480278,10.67985323,10.65705344,10.6459896
10.64875092,10.7068046,10.68622847,10.67473276
10.54382703,10.5984442,10.57045119,10.55888782
10.55126497,10.60687842,10.58293759,10.57190479
10.5208505,10.57333514,10.55171775,10.53582891
10.4773149,10.51501446,10.49798062,10.48247345
10.53999581,10.58845665,10.56936649,10.55739082
10.57560205,10.6327841,10.60369185,10.59833339
10.47848723,10.53461888,10.5122039,10.49580495
10.48967609,10.54888865,10.53011786,10.5127276
10.52185535,10.57867933,10.56155767,10.5507644
10.51077455,10.5696292,10.54814872,10.53667732
10.53274281,10.59354392,10.56639805,10.55925218
10.48048792,10.51870446,10.50369213,10.49361228
10.44798762,10.50371689,10.47981977,10.46846396
10.53556307,10.60146679,10.57872087,10.56035564
10.53910932,10.59758958,10.56939393,10.56241461
10.4616737,10.5224973,10.49966422,10.49128315
10.5805308,10.63956761,10.61621871,10.60553679
10.51971809,10.57203143,10.547278,10.53983359
10.4862746,10.53190972,10.51296726,10.50707214
10.60422458,10.66098941,10.64416798,10.64003457
10.49208444,10.54651881,10.52399006,10.51262121
10.54961938,10.60812163,10.58058233,10.57192631
10.53756895,10.59342764,10.57925902,10.55552898
10.45306111,10.5082598,10.48011038,10.47387411
10.51662915,10.57377913,10.55708206,10.5497708
10.49784758,10.55456779,10.53482739,10.523131
10.48200187,10.55192215,10.52111465,10.5060657
10.46458898,10.51483461,10.4959911,10.48570631
10.54302159,10.61253306,10.59017713,10.5651811
10.53978168,10.59217284,10.56610102,10.5575906
10.60455859,10.66053312,10.64914736,10.62893633
10.45629755,10.51025219,10.49702072,10.47416786
10.56949634,10.62196766,10.60110273,10.58578725
10.58961582,10.64011728,10.61252367,10.60504091
10.46133107,10.52241778,10.49995432,10.47999315
10.59256828,10.65240655,10.62770372,10.61386449
10.53565169,10.58629615,10.54940931,10.5504088
10.54842979,10.60135532,10.58152754,10.56732575
10.44874586,10.51073596,10.49587908,10.47751984
10.43939648,10.50559713,10.48514883,10.46682947
10.56842689,10.63360658,10.60785992,10.59754591
10.44642649,10.5088182,10.48563945,10.47423706
10.57837137,10.63504354,10.60610164,10.5943417
10.55721402,10.61733009,10.6027634,10.58183464
10.52907517,10.58664166,10.56641161,10.55576691
10.50531915,10.57446834,10.55198194,10.5456306
10.59202742,10.65794869,10.62976448,10.62399933
10.48431749,10.53712422,10.50800775,10.50126243
10.41654171,10.47040041,10.44763476,10.44374019
10.55992419,10.62404249,10.60357426,10.58764602
10.53092966,10.57852737,10.55448732,10.5413415
10.45349875,10.50355097,10.48447402,10.46709687
10.4262541,10.48890937,10.45662132,10.44697294
10.49938537,10.54915616,10.52694341,10.51459323
10.42033055,10.48279188,10.45774365,10.45032429
10.49967794,10.55452149,10.52694984,10.52660718
10.59131843,10.64059175,10.62986712,10.61728629
10.43222822,10.48759038,10.463312,10.45730486
10.58759728,10.64490524,10.61844161,10.59729163
10.47131771,10.53340612,10.50953754,10.49510003
10.53289448,10.59168623,10.56774,10.5633192
10.49284153,10.54416885,10.51682448,10.50713237
10.58691785,10.64132538,10.61882004,10.60166498
10.46099978,10.51045529,10.49683059,10.4834219
10.47268474,10.52938875,10.50575926,10.49440788
10.50690264,10.56158313,10.53335085,10.5332813
10.51116746,10.56360627,10.54268019,10.52542064
10.56549729,10.61594298,10.60095178,10.58557461
10.48836544,10.5456857,10.51914,10.50849774
10.5629819,10.62293488,10.59375142,10.58885103
10.67028844,10.73964355,10.70959017,10.70082125
10.60056739,10.66743129,10.64292209,10.6318147
10.62812704,10.68284857,10.65671086,10.65068995
10.44677581,10.50926928,10.48870567,10.47367338
10.47399818,10.52467812,10.49964698,10.48893946
10.61641883,10.66857696,10.65382485,10.64230206
10.66399879,10.71167625,10.68783871,10.68382732
10.45967949,10.51882395,10.49545134,10.49009012
10.48448619,10.53088113,10.50672363,10.49690156
10.48297038,10.54123787,10.51020608,10.50801734
10.44628111,10.50415986,10.4754391,10.46235591
10.38443432,10.44258849,10.42010568,10.40629622
10.48226279,10.54485691,10.51805796,10.50375243
10.56144346,10.62206634,10.59695661,10.57356508
10.55059478,10.60992892,10.58620574,10.57603077
10.50515817,10.5637136,10.53356831,10.52137055
10.52907914,10.5784086,10.5563858,10.53022836
10.61551281,10.67141305,10.64867764,10.63117586
10.62286145,10.67755088,10.66357659,10.64878253
10.59594129,10.66263761,10.64090469,10.62285249
10.49925763,10.56041282,10.53261679,10.52248619
10.4967494,10.55430674,10.5295661,10.52278897
10.55925501,10.62276706,10.5974461,10.58233778
10.57764838,10.63702591,10.61535379,10.60050949
10.37539436,10.43098928,10.40922385,10.39731142
10.5842,10.64050113,10.61321611,10.59964758
10.55248357,10.61938506,10.59918131,10.587591
10.50263695,10.5641186,10.54397724,10.53979209
10.49475032,10.54102655,10.52453657,10.5126217
10.40110461,10.45288646,10.43559028,10.42593393
10.51436445,10.56603811,10.54060168,10.53435265
10.43756264,10.48421092,10.45969033,10.44989446
10.48931427,10.55590533,10.53789649,10.52335504
10.49175706,10.55175759,10.52933628,10.51479631
10.56638812,10.61957295,10.6077426,10.58677603
10.59037527,10.64847187,10.62873726,10.61578839
10.58474292,10.64721071,10.62173884,10.60680582
10.48665851,10.54420061,10.52880477,10.50922667
10.4541837,10.50199704,10.47821837,10.47837909
10.54919706,10.59753884,10.57331182,10.56215184
10.4621152,10.51652176,10.49202332,10.48113
10.52259368,10.57359312,10.55184553,10.54500595
10.44086684,10.49852493,10.47079895,10.46259696
10.59842529,10.6664357,10.64251249,10.6324378
10.59956316,10.65180925,10.63152213,10.62093945
10.53299134,10.57924371,10.55612198,10.55113466
10.48752331,10.5473823,10.52327389,10.50586796
10.45734875,10.51548448,10.50054814,10.48616025
10.48118349,10.54410132,10.51943441,10.50529195
10.59753123,10.66026581,10.63278365,10.62573278
10.38829608,10.45174279,10.42699006,10.42604099
10.47410821,10.53253317,10.5097957,10.49658576
10.57211725,10.63189592,10.6133145,10.59173955
10.52901971,10.57814657,10.55881186,10.54285696
10.60747995,10.67437181,10.6536959,10.64527013
10.54750418,10.60044579,10.56933467,10.57141012
10.50863038,10.5617399,10.5296582,10.52071387
10.54471516,10.60373447,10.58135124,10.56230381
10.60746288,10.66908656,10.64441649,10.63642812
10.47557215,10.53223054,10.50440962,10.5005377
10.48800676,10.54878883,10.51261082,10.5073692
10.5659588,10.62906387,10.59225399,10.58917508
10.53019388,10.58607149,10.56267202,10.55379011
10.515617,10.55167322,10.54126031,10.53000517
10.50364723,10.559456,10.53618091,10.52898335
10.44952115,10.50567414,10.48569629,10.47534263
10.54279492,10.59895297,10.57148316,10.56850277
10.56848829,10.62192976,10.60366761,10.5946094
10.50296362,10.56363663,10.53676174,10.5333216
10.53163866,10.59098134,10.56339419,10.55388947
10.60485643,10.65873046,10.63910957,10.62825928
10.49093717,10.54596934,10.52416081,10.51237123
10.49202844,10.56071581,10.54072055,10.52621311
10.49787076,10.55111984,10.52504377,10.51938437
10.50439158,10.5531418,10.53288636,10.51958635
10.61790975,10.67732004,10.65593827,10.63922161
10.48882831,10.53827836,10.51613478,10.49973817
10.58539079,10.6421638,10.6243052,10.61542869
10.5701006,10.62810254,10.59775205,10.58604056
10.51786393,10.57859189,10.55573185,10.53979293
10.56327153,10.61799253,10.60374315,10.58225958
10.59451577,10.65301144,10.63655234,10.61537806
10.50082561,10.56989077,10.54364188,10.5329396
10.52561844,10.58186347,10.55339523,10.54343669
10.5259618,10.59633074,10.5720165,10.55396039
10.52042665,10.56748394,10.540701,10.54300426
10.46870667,10.52028921,10.50694397,10.49723719
10.54932128,10.60558319,10.58688289,10.56803406
10.55929187,10.62607836,10.59335665,10.58547784
10.53028465,10.57939529,10.56139198,10.53871349
10.58563557,10.62600648,10.60283844,10.59242783
10.51151558,10.56489923,10.54265502,10.53493758
10.54108676,10.59257672,10.57820421,10.56482095
10.38954379,10.44232257,10.41982653,10.410314
10.46064685,10.51537453,10.50167856,10.48289354
10.59517017,10.65336592,10.62866383,10.61979064
10.49153513,10.5470351,10.53004902,10.51948702
10.46861915,10.50830799,10.49377767,10.47675553
10.51796658,10.57976195,10.56169908,10.55508452
10.4518427,10.52679763,10.49807725,10.49153273
10.52949583,10.58778936,10.56090312,10.54866574
10.52501085,10.58453133,10.57139247,10.55040206
10.48462103,10.53013223,10.51140479,10.49732385
10.52211195,10.56809521,10.55322324,10.5388972
10.51652414,10.57369631,10.55009045,10.54948771
10.58205454,10.64258254,10.62047412,10.60330147
10.52374603,10.58130377,10.55366026,10.54677598
10.49747949,10.56970582,10.54797896,10.52050357
10.47133726,10.52922184,10.50012217,10.49594577
10.45465747,10.51117167,10.47923996,10.47499606
10.4985661,10.5553821,10.52471971,10.52163091
10.48243983,10.53704384,10.51022693,10.5071829
10.57476654,10.62948144,10.60547187,10.59091091
10.53040601,10.57836086,10.56217018,10.54847197
10.4963712,10.56346882,10.53794572,10.53104383
10.56828452,10.6258843,10.60204831,10.5859731
10.50682783,10.56028329,10.54019274,10.52464407
10.56409574,10.61499674,10.59214376,10.58472397
10.44627042,10.49504967,10.46594265,10.46514228
10.55005452,10.6149704,10.58337628,10.57768284
10.57466936,10.63754088,10.61414677,10.60736334
10.52983705,10.57849894,10.5608947,10.55055149
10.47750988,10.54000221,10.52145306,10.49554981
10.51276727,10.57039433,10.54634236,10.5390612
10.54182241,10.58995614,10.57325493,10.56049265
10.57673438,10.63448873,10.60545376,10.59101768
10.60647139,10.66099833,10.64186004,10.63032824
10.47963536,10.52889517,10.51346075,10.49997726
10.51213494,10.56366897,10.54707321,10.5352835
10.49953033,10.54349603,10.526241,10.50537374
10.62651621,10.67932447,10.65816441,10.6448993
10.38665246,10.45022591,10.42283897,10.4147154
10.46977638,10.54027367,10.52368393,10.50028011
10.57719097,10.634046,10.60533151,10.59963692
10.54724055,10.60052167,10.57631478,10.57024558
10.53657654,10.59948415,10.56721567,10.55562914
10.53016725,10.59634965,10.57235224,10.55513886
10.61606533,10.66984195,10.64474127,10.63496219
10.55840022,10.61585127,10.59497593,10.5908001
10.50034418,10.5651897,10.5427429,10.52469754
10.4929974,10.53996121,10.51165637,10.49937828
10.60749528,10.67022884,10.64049116,10.62859535
10.50878426,10.55502352,10.54480137,10.53305224
10.65671751,10.7106767,10.68745769,10.67246569
10.4586279,10.51218134,10.48701013,10.47549853
10.49158597,10.54328332,10.51679596,10.50876162
10.50688322,10.56580214,10.54149471,10.5273002
10.53677719,10.59543985,10.56880808,10.56810295
10.5988718,10.6639541,10.637591,10.62735276
10.50814756,10.56690225,10.54821306,10.53438225
10.51128841,10.55961043,10.54066347,10.5272066
10.57772612,10.63619413,10.61006175,10.60439313
10.58820757,10.63653327,10.61795636,10.60398246
10.50439882,10.55660643,10.533553,10.51097085
10.63520568,10.68759807,10.67056592,10.65153303
10.45482944,10.51744569,10.49467295,10.48718707
10.51809905,10.5807166,10.55015004,10.5544981
10.50169849,10.55004004,10.52983948,10.51756446
10.50495013,10.55727689,10.53553996,10.528311
10.49065001,10.54021862,10.51678332,10.50989572
10.54673645,10.61114485,10.58965151,10.56632078
10.45060579,10.50140143,10.48758879,10.47586035
10.41588296,10.46976389,10.45162214,10.44192631
10.55015971,10.60812452,10.58781197,10.57276743
10.49000091,10.55331584,10.52001932,10.50683611
10.54196967,10.59510208,10.57875324,10.55507937
10.43260102,10.48823354,10.47012893,10.44792938
10.45272722,10.51357761,10.4911622,10.47313297
10.51804702,10.57581091,10.5572943,10.54523774
10.50414033,10.57549917,10.54738827,10.53129281
10.55097521,10.61156823,10.58984846,10.577736
10.59666774,10.65120807,10.62412415,10.62276244
10.4902097,10.55026685,10.52432479,10.51991559
10.52226784,10.57427187,10.55312251,10.53601867
10.49838045,10.55538308,10.53228849,10.52204093
10.50550508,10.55061005,10.53379684,10.52209232
10.52262972,10.57101614,10.55220252,10.54258042
10.50297228,10.56209663,10.53113867,10.52024816
10.45540332,10.51786619,10.48946819,10.48196017
10.48302288,10.5431925,10.52030124,10.51353023
10.4913244,10.55149777,10.53229629,10.51089085
10.48738629,10.548102,10.52433473,10.51585505
10.52331155,10.58550298,10.56242266,10.55638532
10.53034998,10.58725228,10.55846778,10.55231701
10.53971266,10.59083816,10.58454171,10.56617181
10.57608706,10.63093506,10.60438888,10.59496108
10.50874811,10.57735759,10.54908566,10.54011162
10.56237794,10.61729449,10.59576142,10.58004412
10.49330631,10.53997359,10.51843281,10.500024
10.47667996,10.53968946,10.51580157,10.50343916
10.49608992,10.55094705,10.53159307,10.5165529
10.36249264,10.42248857,10.39791411,10.38437897
10.55240972,10.61568969,10.59247054,10.57988466
10.46930573,10.5272821,10.50713543,10.4938073
10.57901793,10.63308997,10.60936803,10.59678194
10.50232811,10.55363358,10.53187063,10.52249204
10.50786352,10.55198902,10.52952204,10.52522639
10.58164394,10.64045237,10.61492988,10.60531305
10.49125814,10.55496865,10.52265367,10.51055371
10.50842085,10.56982223,10.5492577,10.53650575
10.51676892,10.57898635,10.55729858,10.54034292
10.56400066,10.62521551,10.59360111,10.59920163
10.52128846,10.57288976,10.55205937,10.53955319
10.52040079,10.56850262,10.55189399,10.53587461
10.44564065,10.50071975,10.48046167,10.46616671
10.55183952,10.61958189,10.58293542,10.58610457
10.59229758,10.64913828,10.62203922,10.61792909
10.52900673,10.58534336,10.56281195,10.55445468
10.57449065,10.6264233,10.60398118,10.60057019
10.50733152,10.55859288,10.53558905,10.5260368
10.57443594,10.62442794,10.59927771,10.59279423
10.50194067,10.54332635,10.51785973,10.51155639
10.54404567,10.60895497,10.58684963,10.57311708
10.49348339,10.54926071,10.52202007,10.51294742
10.40113008,10.46540202,10.44276374,10.42897027
10.51716435,10.57953426,10.55413702,10.54736147
10.46670606,10.52555929,10.50569989,10.49461372
10.54812301,10.60156241,10.58272515,10.56693735
10.56137334,10.61216616,10.59037207,10.58276913
10.48795265,10.54506232,10.51823578,10.51628191
10.46134258,10.5210596,10.48732646,10.48317364
10.52811158,10.59247437,10.56908217,10.559458
10.59570706,10.64467423,10.62929897,10.61685812
10.47836708,10.54161433,10.52440939,10.50740076
10.53918364,10.60204442,10.57685095,10.565052
10.53115067,10.59154741,10.56679915,10.55565024
10.57562589,10.64213115,10.61639092,10.59634941
10.49477396,10.54832317,10.53202028,10.51904741
10.43979054,10.49767485,10.48024085,10.46455125
10.41423577,10.46084816,10.43933694,10.43227085
10.4030926,10.45868429,10.43548005,10.41675784
10.49264599,10.54344324,10.52557146,10.51617318
10.4737547,10.52152275,10.50311407,10.49526362
10.57654355,10.63520155,10.60765809,10.60586817
10.42305976,10.4823248,10.4595436,10.44783808
10.48930815,10.54087297,10.52013118,10.51010497
10.56462994,10.61531737,10.59431852,10.5858068
10.56318385,10.62630064,10.59925779,10.58914479
10.51979041,10.57275596,10.55265373,10.53911837
10.46524117,10.53501551,10.50399794,10.50119989
10.56923156,10.61624175,10.59918331,10.58527183
10.46632512,10.51076172,10.49663815,10.48422436
10.49568408,10.54013036,10.52041781,10.5107663
10.54774402,10.60889753,10.58231994,10.57237025
10.51230788,10.56916314,10.5465195,10.53121902
10.56309399,10.6146719,10.59033667,10.57744395
10.54305477,10.60575542,10.58883477,10.57453964
10.37506746,10.44269704,10.42017513,10.39851418
10.44136335,10.50083873,10.47142231,10.46917799
10.47439185,10.53589016,10.51370229,10.50281085
10.49018314,10.53899583,10.52339336,10.51713665
10.58899662,10.64460294,10.62987553,10.60779644
10.46688145,10.52156089,10.49526811,10.49434967
10.53426095,10.58753178,10.55926616,10.55367917
10.51443497,10.56890323,10.53662937,10.52201585
10.5603591,10.62650476,10.61295507,10.59764238
10.57455514,10.63607355,10.6035682,10.59316485
10.57890975,10.64154029,10.61397234,10.60627772
10.45729357,10.51520294,10.49395967,10.48187587
10.56284945,10.61803352,10.59074146,10.58093481
10.50533067,10.55848091,10.53012779,10.521214
10.65756947,10.70878497,10.6992437,10.67696889
10.49973552,10.55622827,10.52918521,10.5130693
10.50896868,10.57707972,10.55487627,10.54739823
10.601344,10.66280724,10.64014996,10.62920961
10.50488179,10.56946361,10.53972196,10.53144816
10.44720214,10.5081774,10.47935947,10.4706296
10.54218552,10.60176054,10.58295146,10.56471076
10.50067749,10.56488411,10.54105762,10.53392565
10.55606948,10.61054681,10.58739863,10.57349922
10.60607478,10.67122526,10.63945941,10.63725799
10.48764706,10.54315194,10.52138184,10.51306512
10.59285103,10.64385319,10.62833492,10.61215552
10.63429024,10.69667751,10.6649694,10.65609209
10.5071013,10.56190789,10.5401884,10.5163561
10.60245624,10.66243636,10.62871266,10.62851085
10.50422725,10.56564415,10.53193089,10.52711751
10.52860334,10.58338761,10.5573953,10.54119665
10.55647109,10.61110327,10.58778936,10.57479897
10.48054179,10.53168483,10.5187177,10.50310381
10.50133239,10.56120089,10.54578077,10.53640188
10.56921837,10.61453778,10.59139082,10.57772396
10.48214508,10.54682486,10.52174254,10.51778129
10.59392868,10.65205408,10.6293134,10.61858953
10.54109362,10.60033064,10.57949882,10.56226697
10.49908287,10.55933763,10.53596272,10.52228954
10.51789141,10.57716889,10.55547708,10.53852392
10.52876371,10.57873361,10.5537496,10.54790708
10.53830258,10.59327321,10.5776314,10.55664607
10.38539738,10.43896757,10.42086746,10.39886838
10.51976707,10.57718529,10.55534305,10.53632932
10.49943111,10.56290736,10.53578627,10.52528715
10.52380662,10.57888924,10.55808567,10.55006489
10.53131569,10.60418406,10.57965426,10.57068461
10.49873287,10.55685653,10.53944666,10.5323209
10.54661001,10.60136249,10.57863234,10.5717561
10.5801631,10.63064913,10.61649317,10.60023012
10.47300837,10.53659841,10.50747515,10.50061795
10.58940381,10.64792902,10.62728734,10.60730347
10.59263972,10.6419189,10.61946174,10.61076889
10.52015303,10.58613426,10.56760994,10.55562701
10.42421062,10.47970648,10.45391114,10.44285295
10.53280402,10.59046141,10.5710704,10.55506633
10.48621898,10.53600847,10.5171339,10.50488179
10.51907759,10.57904175,10.55024705,10.54393877
10.57665006,10.63943044,10.61201369,10.60151073
10.58140399,10.64693881,10.62490139,10.6074117
10.5497262,10.61529448,10.59017072,10.57882671
10.51225439,10.57342769,10.54832178,10.53247089
10.50094818,10.55560762,10.53203061,10.52365012
10.53282526,10.59132461,10.56526358,10.55726046
10.47042507,10.52602826,10.49827004,10.47919132
10.54109038,10.60520089,10.58387378,10.57396644
10.55561012,10.61615046,10.59240016,10.58186198
10.48299535,10.54295654,10.52196538,10.5096453
10.49722914,10.56048652,10.530269,10.51135254
10.59835985,10.6554246,10.63178498,10.62474605
10.53226089,10.59259274,10.56878134,10.56144036
10.58020836,10.63103176,10.61191719,10.60087197
10.5909692,10.65384219,10.62845738,10.61899281
10.55185697,10.60965681,10.59718958,10.57624027
10.57012286,10.63558986,10.61648384,10.59722362
10.56522133,10.61716079,10.5959654,10.57823082
10.52100176,10.57621529,10.54830622,10.54642418
10.5824929,10.64021986,10.6102774,10.60383256
10.6022389,10.65447543,10.63704169,10.61940825
10.48051315,10.5376327,10.51744801,10.50167834
10.4926229,10.54816423,10.52589416,10.51891701
10.60936976,10.66128822,10.64165151,10.6292256
10.48701581,10.53778606,10.52213476,10.51037728
10.45986389,10.51143975,10.48924011,10.48242607
10.61000877,10.65795625,10.64112012,10.62018846
10.49593911,10.54742357,10.52373777,10.51439327
10.54318587,10.61209918,10.58484082,10.57078063
10.43428114,10.48822732,10.46638668,10.45034023
10.5255899,10.56755885,10.55817852,10.54474269
10.45615779,10.51882755,10.48981017,10.4782029
10.49379849,10.54578635,10.52392383,10.50326597
10.46397546,10.53523467,10.50826534,10.49498161
10.56386315,10.61455562,10.59595451,10.58602919
10.54653359,10.60688111,10.58676097,10.56654995
10.59305127,10.64647271,10.61946,10.60890299
10.49620662,10.54815957,10.52969599,10.51842131
10.46511731,10.52928483,10.49540385,10.48985127
10.53505193,10.59211934,10.57079535,10.56063254
10.49089856,10.54895597,10.52185644,10.51003455
10.50897164,10.56293501,10.54728773,10.53380277
10.57633295,10.63412816,10.60813403,10.60230299
10.43559802,10.4906635,10.47151702,10.45990166
10.60214389,10.65248095,10.63744084,10.61897212
10.60591293,10.67131929,10.64853831,10.62399888
10.59370687,10.65118738,10.62881313,10.62405437
10.51753108,10.57267542,10.55521111,10.53048538
10.41671464,10.47170359,10.45067928,10.44328728
10.46276794,10.51786379,10.49054102,10.48453119
10.50202063,10.55698067,10.52589565,10.51699841
10.52581094,10.57839429,10.55309607,10.54577376
10.5536243,10.61560561,10.5909423,10.57861443
10.4794292,10.54157889,10.51975897,10.50961166
10.48809463,10.54339788,10.52295688,10.50862205
10.53918445,10.5968482,10.57295156,10.55760387
10.5000646,10.56319214,10.5352883,10.52731664
10.45694442,10.50893275,10.4916221,10.48008466
10.4758915,10.51993851,10.50492997,10.49088363
10.50357316,10.561559,10.54323139,10.52710299
10.49401903,10.54897438,10.53037333,10.51576917
10.39381078,10.44040848,10.42699969,10.41193268
10.44707032,10.50906465,10.47931705,10.47094512
10.46961657,10.53195938,10.51285895,10.5034092
10.50782687,10.56983828,10.54579386,10.52732399
10.38491338,10.43459943,10.41530046,10.40677381
10.44889076,10.50805291,10.48792443,10.4637698
10.54527321,10.5962326,10.57359045,10.56355592
10.53022298,10.58724088,10.55340433,10.55098741
10.41706103,10.47990778,10.44857596,10.44146208
10.53788673,10.59661431,10.56954254,10.55893935
10.45892837,10.5267989,10.50488581,10.4939051
10.62202369,10.68003146,10.65429351,10.63797595
10.44215281,10.49772612,10.47254706,10.45596052
10.43814774,10.49829065,10.4627246,10.45992813
10.54837436,10.602152,10.57692746,10.56317787
10.46215896,10.52328283,10.49793476,10.4799986
10.56325954,10.62573146,10.60268016,10.59208231
10.54345069,10.59374812,10.56829998,10.55674749
10.50862374,10.55181381,10.5370473,10.52612866
10.5227692,10.56949319,10.55187394,10.54110781
10.56796759,10.63210192,10.61023337,10.59542537
10.53437331,10.59600849,10.56797428,10.56321834
10.41278235,10.46791105,10.45130416,10.43689251
10.53864314,10.60159698,10.58648369,10.56976265
10.49266857,10.54720833,10.5270819,10.51792184
10.63703477,10.69661739,10.67408254,10.66101309
10.48275061,10.53637321,10.51315152,10.50712132
10.57849245,10.62715403,10.6023235,10.59184054
10.53682195,10.60531123,10.58471811,10.56614055
10.47682777,10.53565422,10.50889207,10.50081466
10.4910698,10.54307737,10.51726844,10.50588562
10.52276896,10.58374712,10.55944965,10.5519104
10.46172946,10.51004405,10.50035018,10.48700774
10.53021218,10.58823316,10.5671867,10.55364057
10.49542449,10.54733161,10.5281818,10.50502362
10.55935982,10.6181689,10.58769131,10.56752873
10.56824886,10.6245412,10.60389925,10.59259562
10.52758939,10.5806104,10.56354293,10.55346894
10.57134886,10.62767568,10.60886732,10.59088868
10.46231062,10.51982337,10.49496653,10.49179672
10.44193177,10.49987259,10.47461788,10.46478551
10.49332036,10.54961887,10.52806067,10.52299701
10.44229919,10.50081122,10.47305773,10.46891231
10.5984705,10.64606249,10.63196459,10.62559312
10.49298854,10.54813826,10.52911126,10.51768724
10.52010973,10.56852408,10.54978386,10.53723151
10.47883454,10.53540162,10.50937077,10.50160668
10.53293881,10.5948694,10.57052001,10.56460683
10.46014188,10.50862662,10.48306799,10.47152209
10.48818183,10.54414387,10.51037709,10.51059311
10.64197067,10.70469583,10.68221081,10.66897185
10.46116539,10.52291797,10.49890732,10.48222346
10.52020516,10.57778377,10.55147135,10.54604521
10.54847823,10.60329403,10.57664506,10.56071124
10.65667835,10.71588512,10.69553844,10.6757775
10.58191765,10.64946287,10.62632218,10.61062497
10.46368706,10.51312748,10.49475069,10.48640867
10.53865862,10.58768657,10.56730483,10.54961515
10.51995621,10.56705111,10.54541463,10.5245955
10.42751385,10.47990448,10.46358501,10.45684293
10.4379063,10.50564242,10.48688047,10.46669999
10.43758285,10.49812778,10.469342,10.45578204
10.51080425,10.57606329,10.55228462,10.53254895
10.51639711,10.5669067,10.55539054,10.53726448
10.4545916,10.52060883,10.49253554,10.48411343
10.51362718,10.55546978,10.54163407,10.53156109
10.58037233,10.6349369,10.60967154,10.60248898
10.54196552,10.59756227,10.58097865,10.57208047
10.49327292,10.54669332,10.52147191,10.51019112
10.51252507,10.56661518,10.54136585,10.53588585
10.56734121,10.6160988,10.59977421,10.58511199
10.55254457,10.61192505,10.59113328,10.56600787
10.50166184,10.54702327,10.52038198,10.51122225
10.50641082,10.56085796,10.53661992,10.52674922
10.46580145,10.53046321,10.50571719,10.48896426
10.58687111,10.6346216,10.61482302,10.60675978
10.47655382,10.54591348,10.52079882,10.50158084
10.53150657,10.58781272,10.55927084,10.55363179
10.55387369,10.60365427,10.58816957,10.57226773
10.49911479,10.55392235,10.53149092,10.52537296
10.48377761,10.53163821,10.51088488,10.49536708
10.57088347,10.63021457,10.61165763,10.58704199
10.50150903,10.55731938,10.53792632,10.52344545
10.54016681,10.59158745,10.56856551,10.54998475
10.54761581,10.60840381,10.58181438,10.58032537
10.49023597,10.54662681,10.5265248,10.51815143
10.45479575,10.51518493,10.49441481,10.4816115
10.429874,10.48851858,10.47137976,10.45539199
10.491668,10.54792952,10.52043889,10.50847475
10.46848348,10.51269272,10.49326261,10.48408434
10.50138653,10.55469997,10.5265721,10.52291761
10.50985914,10.57148882,10.5523704,10.5328825
10.45167494,10.50834572,10.48456085,10.47953878
10.55390197,10.60479217,10.58816312,10.56981606
10.55716956,10.62164714,10.59960372,10.59079908
10.57096379,10.62309181,10.59943471,10.59135839
10.5681985,10.63472463,10.60674996,10.58981791
10.60147736,10.66295395,10.64432566,10.62799951
10.47468641,10.53424184,10.50615697,10.5010886
10.54744869,10.60652062,10.58227095,10.57309515
10.49530586,10.56104279,10.53739096,10.53243856
10.51970634,10.58278919,10.55205646,10.539379
10.55703872,10.60746297,10.59141448,10.57842974
10.56438496,10.62131911,10.5984918,10.59455353
10.58871509,10.64657158,10.62584785,10.61630875
10.49342841,10.5536584,10.52559107,10.51443103
10.53304596,10.58551927,10.56620555,10.54950159
10.45169149,10.50684471,10.4872499,10.47583236
10.49302325,10.55583414,10.53478056,10.51651843
10.52668749,10.57357857,10.55897726,10.54385206
10.4990615,10.5503569,10.5247412,10.52335106
10.51838548,10.57234943,10.54304986,10.53542564
10.46811723,10.52795783,10.502834,10.49480661
10.58378006,10.64153647,10.61979086,10.6146089
10.52562104,10.59233537,10.56544266,10.56608731
10.47122249,10.52372234,10.50854073,10.49502125
10.55608872,10.61195703,10.58422256,10.58172774
10.49819339,10.56171691,10.53105985,10.51351362
10.51994468,10.56935647,10.55086337,10.53811406
10.4489266,10.51015477,10.49000444,10.48152447
10.59337913,10.64192641,10.63038331,10.61537539
10.58355595,10.65090961,10.62415581,10.61186192
10.52067567,10.57546879,10.54863445,10.5360053
10.58744636,10.64228056,10.62128828,10.6122386
10.46681666,10.52240193,10.4985665,10.47867496
10.54886024,10.60429122,10.58580033,10.57741151
10.37804784,10.42728598,10.41259521,10.39687191
10.50561464,10.57640995,10.55868332,10.54137842
10.44625661,10.49500588,10.47234105,10.47116108
10.51946278,10.57115939,10.55399212,10.53747547
10.47127293,10.53204242,10.50915108,10.49834103
10.48687848,10.55182796,10.52307405,10.51656886
10.52153798,10.5829332,10.56209839,10.54455472
10.58217306,10.64338194,10.61932949,10.60725742
10.54381148,10.59758538,10.56986819,10.55214852
10.46335486,10.51158642,10.49172886,10.48220832
10.55511495,10.61783727,10.59559808,10.59153729
10.47321919,10.52226459,10.4952045,10.4889271
10.29311845,10.34309067,10.3196879,10.3097353
10.48909351,10.56118175,10.53463407,10.52590639
10.46858596,10.50973508,10.4906591,10.47330228
10.49606709,10.553435,10.53310509,10.51811393
10.46303737,10.52418031,10.51648829,10.49145473
10.48163038,10.53597901,10.51027938,10.50354438
10.42868882,10.49039882,10.47300034,10.4411593
10.53650376,10.58462731,10.57157346,10.55432327
10.52057773,10.57738779,10.55955451,10.54433207
10.52337211,10.58409839,10.56625903,10.55385433
10.45200764,10.50930718,10.48088813,10.47568571
10.46931349,10.517054,10.49158844,10.4854221
10.53178435,10.58204693,10.56504631,10.55049136
10.56470926,10.63546233,10.60794796,10.59145743
10.51851082,10.5766107,10.55531271,10.53343505
10.49326687,10.54255816,10.51707738,10.51273107
10.43802073,10.49469399,10.47615975,10.45811853
10.51218029,10.57306344,10.54547221,10.53306622
10.59294723,10.64965955,10.63619865,10.61633995
10.54209452,10.59960445,10.57207557,10.56260921
10.49939133,10.55707172,10.54106473,10.52888039
10.58138025,10.63748502,10.6187906,10.59813311
10.49797898,10.56639346,10.54975508,10.52027696
10.48223093,10.53095877,10.5143314,10.50383377
10.49787786,10.56692679,10.54621791,10.53208102
10.53928949,10.5877981,10.56232146,10.56007342
10.54488084,10.59897825,10.58164828,10.56824282
10.5114651,10.56641527,10.54004199,10.5262798
10.45784515,10.50518925,10.48442537,10.47513743
10.51146161,10.57821388,10.55569299,10.5381635
10.52952948,10.58585678,10.56816401,10.55069436
10.49603392,10.54295982,10.52534368,10.51316022
10.61660924,10.66503181,10.64422795,10.63400792
10.53402187,10.59997195,10.57965229,10.55499959
10.52490301,10.58120215,10.56010215,10.55441719
10.42900842,10.49927457,10.47510682,10.46060964
10.4624244,10.5148444,10.4935032,10.47854557
10.5067083,10.56608374,10.54273816,10.52663181
10.50233029,10.55903639,10.53300269,10.52170688
10.47151081,10.54027227,10.51124165,10.50215139
10.53356189,10.6050363,10.57858513,10.57731338
10.58540858,10.63761165,10.61785699,10.61237153
10.55316836,10.62615855,10.59973268,10.58030217
10.50428068,10.56473379,10.54002547,10.52718163
10.51576724,10.57332561,10.55530032,10.5373647
10.52959159,10.57209142,10.55306322,10.53697972
10.51365302,10.58073832,10.54858557,10.5453711
10.51212917,10.58180627,10.55215589,10.54242992
10.50875283,10.56603543,10.54984592,10.53022936
10.4815726,10.53474654,10.52701656,10.51096278
10.50760967,10.57815523,10.54511279,10.54338107
10.47437869,10.52717277,10.49957692,10.49221729
10.49750516,10.55587813,10.5261661,10.5209414
10.4760463,10.53923557,10.51576496,10.51230637
10.38755674,10.44580599,10.42278711,10.40999039
10.45557617,10.51730412,10.49308632,10.4838908
10.55879859,10.61455097,10.59081018,10.58398576
10.43917745,10.49519006,10.47177677,10.46115331
10.43722056,10.48913563,10.46333862,10.45649889
10.50537233,10.56706911,10.5388157,10.52669422
10.43416048,10.49172824,10.46902473,10.4693936
10.50371874,10.57099839,10.55645907,10.53953214
10.53885713,10.59376238,10.56004211,10.55373191
10.4691688,10.53999415,10.51396539,10.50571701
10.57002685,10.62661878,10.60828889,10.59799128
10.48056557,10.5275417,10.50121434,10.49571416
